Time,AQI,PM2.5,PM10,CO,NO2,SO2,O3
2026-01-01T00:00,52,12.4,14.1,369.0,22.1,7.8,74.0
2026-01-01T01:00,52,12.0,13.7,330.0,22.3,7.4,72.0
2026-01-01T02:00,51,12.2,13.9,305.0,22.4,7.1,68.0
2026-01-01T03:00,51,13.0,14.8,301.0,22.9,7.2,64.0
2026-01-01T04:00,51,14.2,16.1,362.0,24.5,7.9,59.0
2026-01-01T05:00,50,15.7,17.6,549.0,28.4,9.7,52.0
2026-01-01T06:00,49,18.4,20.5,800.0,33.3,12.1,45.0
2026-01-01T07:00,48,23.3,25.7,974.0,34.0,11.7,40.0
2026-01-01T08:00,46,21.7,24.6,1003.0,31.1,11.7,54.0
2026-01-01T09:00,46,20.7,24.1,954.0,27.1,11.8,74.0
2026-01-01T10:00,46,19.2,22.2,895.0,23.6,12.0,94.0
2026-01-01T11:00,50,19.8,21.1,842.0,21.0,12.4,115.0
2026-01-01T12:00,61,22.2,23.3,777.0,18.9,13.0,136.0
2026-01-01T13:00,64,24.4,25.4,714.0,18.1,13.7,152.0
2026-01-01T14:00,66,26.5,27.4,639.0,18.5,14.6,164.0
2026-01-01T15:00,67,28.4,29.2,566.0,20.1,15.6,171.0
2026-01-01T16:00,67,29.8,30.6,550.0,23.5,16.5,167.0
2026-01-01T17:00,62,32.7,33.5,655.0,31.0,17.3,143.0
2026-01-01T18:00,46,36.4,37.4,817.0,40.4,17.9,108.0
2026-01-01T19:00,46,48.7,49.6,898.0,55.7,21.2,78.0
2026-01-01T20:00,48,32.4,34.3,810.0,46.3,18.2,80.0
2026-01-01T21:00,49,22.1,23.9,641.0,33.5,14.0,82.0
2026-01-01T22:00,49,17.6,19.2,514.0,24.7,10.8,81.0
2026-01-01T23:00,50,16.4,18.0,477.0,23.6,9.5,74.0
2026-01-02T00:00,50,16.3,17.6,481.0,26.5,9.1,63.0
2026-01-02T01:00,51,18.9,20.1,509.0,30.2,9.4,52.0
2026-01-02T02:00,52,21.8,23.1,566.0,34.4,10.4,41.0
2026-01-02T03:00,53,26.0,27.1,646.0,39.4,12.0,29.0
2026-01-02T04:00,56,29.5,30.4,710.0,43.0,13.8,21.0
2026-01-02T05:00,58,31.2,31.9,736.0,44.4,16.0,16.0
2026-01-02T06:00,60,32.7,33.5,745.0,44.4,18.4,13.0
2026-01-02T07:00,61,41.2,43.4,761.0,44.2,21.0,19.0
2026-01-02T08:00,61,34.0,36.1,810.0,42.0,20.7,36.0
2026-01-02T09:00,62,30.6,32.5,866.0,38.9,20.3,61.0
2026-01-02T10:00,62,25.9,27.0,877.0,35.1,19.3,84.0
2026-01-02T11:00,62,22.6,23.7,804.0,30.0,17.4,105.0
2026-01-02T12:00,62,21.4,22.7,685.0,24.3,15.0,125.0
2026-01-02T13:00,62,21.6,23.3,582.0,20.6,13.2,139.0
2026-01-02T14:00,63,22.1,24.4,483.0,19.0,12.3,147.0
2026-01-02T15:00,63,22.6,25.9,400.0,19.5,11.9,148.0
2026-01-02T16:00,62,24.0,27.8,425.0,24.3,12.7,140.0
2026-01-02T17:00,62,28.3,32.7,657.0,37.5,15.3,114.0
2026-01-02T18:00,61,39.9,44.1,997.0,55.0,19.0,78.0
2026-01-02T19:00,62,41.8,44.9,1242.0,59.0,18.5,51.0
2026-01-02T20:00,61,36.7,39.2,1290.0,56.0,18.5,46.0
2026-01-02T21:00,62,35.6,37.7,1244.0,52.1,18.4,39.0
2026-01-02T22:00,62,38.5,41.0,1208.0,49.8,18.4,32.0
2026-01-02T23:00,63,40.4,42.7,1256.0,51.0,18.1,26.0
2026-01-03T00:00,63,41.0,43.1,1315.0,53.9,17.9,19.0
2026-01-03T01:00,64,41.6,43.7,1271.0,55.9,18.9,15.0
2026-01-03T02:00,65,43.1,45.2,995.0,56.1,22.3,14.0
2026-01-03T03:00,66,44.0,46.1,616.0,55.4,26.8,14.0
2026-01-03T04:00,66,44.2,46.3,413.0,54.2,29.7,15.0
2026-01-03T05:00,67,40.2,42.3,567.0,52.3,29.5,14.0
2026-01-03T06:00,67,40.4,42.1,896.0,49.8,27.8,13.0
2026-01-03T07:00,67,47.5,49.1,1130.0,45.6,23.0,21.0
2026-01-03T08:00,68,41.3,42.4,1161.0,43.9,23.5,37.0
2026-01-03T09:00,68,37.8,39.2,1096.0,41.4,24.2,59.0
2026-01-03T10:00,68,35.5,37.1,986.0,38.1,24.1,82.0
2026-01-03T11:00,68,34.7,36.4,810.0,33.5,22.8,105.0
2026-01-03T12:00,69,34.3,36.2,590.0,28.2,20.8,127.0
2026-01-03T13:00,69,33.8,35.7,437.0,24.2,18.7,143.0
2026-01-03T14:00,70,32.4,34.3,396.0,21.3,16.3,151.0
2026-01-03T15:00,70,31.0,32.8,422.0,19.6,13.9,153.0
2026-01-03T16:00,70,29.3,31.2,496.0,21.8,12.8,145.0
2026-01-03T17:00,70,30.0,31.8,621.0,31.1,13.9,121.0
2026-01-03T18:00,70,36.7,39.0,793.0,44.3,16.3,86.0
2026-01-03T19:00,70,47.7,51.5,982.0,65.9,21.2,48.0
2026-01-03T20:00,71,41.1,44.0,1208.0,63.4,21.9,44.0
2026-01-03T21:00,71,39.1,41.8,1450.0,60.0,22.9,39.0
2026-01-03T22:00,71,41.9,44.8,1617.0,57.6,23.0,33.0
2026-01-03T23:00,71,45.8,48.8,1681.0,57.4,21.4,28.0
2026-01-04T00:00,71,44.9,47.8,1670.0,58.4,18.9,22.0
2026-01-04T01:00,71,42.6,45.5,1571.0,58.8,17.6,18.0
2026-01-04T02:00,71,38.6,40.9,1309.0,58.5,18.5,15.0
2026-01-04T03:00,71,36.7,38.5,960.0,57.8,20.4,13.0
2026-01-04T04:00,71,35.7,37.6,734.0,55.9,22.0,13.0
2026-01-04T05:00,71,34.6,36.2,764.0,52.2,22.8,15.0
2026-01-04T06:00,70,32.6,34.2,918.0,47.4,23.3,18.0
2026-01-04T07:00,70,33.3,34.7,1007.0,42.0,23.7,25.0
2026-01-04T08:00,70,30.7,32.1,945.0,38.4,22.9,41.0
2026-01-04T09:00,69,27.9,30.2,819.0,33.4,21.8,64.0
2026-01-04T10:00,69,26.5,28.9,704.0,28.4,20.1,87.0
2026-01-04T11:00,69,24.6,26.6,619.0,23.6,17.4,110.0
2026-01-04T12:00,68,23.3,25.4,546.0,18.8,14.2,133.0
2026-01-04T13:00,68,22.4,24.6,502.0,15.7,11.8,150.0
2026-01-04T14:00,68,22.4,24.6,496.0,14.3,10.5,160.0
2026-01-04T15:00,67,23.0,25.1,520.0,14.6,10.1,164.0
2026-01-04T16:00,67,23.9,26.0,565.0,17.8,11.0,162.0
2026-01-04T17:00,67,32.1,33.6,643.0,27.0,14.3,153.0
2026-01-04T18:00,67,43.5,45.1,741.0,39.1,18.9,138.0
2026-01-04T19:00,67,55.5,57.5,814.0,62.7,22.8,80.0
2026-01-04T20:00,67,51.1,53.0,824.0,54.7,21.9,86.0
2026-01-04T21:00,68,41.3,43.0,810.0,43.9,20.6,92.0
2026-01-04T22:00,68,33.6,34.9,838.0,36.8,19.7,93.0
2026-01-04T23:00,68,32.1,34.2,966.0,36.7,19.3,82.0
2026-01-05T00:00,67,33.3,35.5,1137.0,40.5,19.2,64.0
2026-01-05T01:00,67,36.6,39.0,1249.0,45.2,20.0,48.0
2026-01-05T02:00,67,39.8,42.4,1239.0,50.8,21.8,36.0
2026-01-05T03:00,67,42.3,44.9,1171.0,57.3,24.3,26.0
2026-01-05T04:00,67,42.3,44.9,1131.0,62.5,27.4,18.0
2026-01-05T05:00,67,43.1,45.6,1171.0,65.7,31.4,12.0
2026-01-05T06:00,67,44.0,46.1,1240.0,67.6,35.9,9.0
2026-01-05T07:00,68,46.3,48.4,1267.0,60.8,32.2,10.0
2026-01-05T08:00,68,46.3,48.5,1215.0,58.2,36.4,25.0
2026-01-05T09:00,69,42.8,44.8,1121.0,54.4,41.9,46.0
2026-01-05T10:00,69,39.5,41.1,1033.0,50.0,44.7,69.0
2026-01-05T11:00,70,35.7,36.7,956.0,43.9,42.1,94.0
2026-01-05T12:00,70,34.5,35.4,884.0,37.3,36.8,121.0
2026-01-05T13:00,70,33.8,34.6,847.0,33.7,32.3,137.0
2026-01-05T14:00,71,35.9,36.8,842.0,35.4,30.2,139.0
2026-01-05T15:00,71,37.1,38.2,873.0,40.2,28.9,130.0
2026-01-05T16:00,72,33.8,34.8,978.0,45.3,27.2,116.0
2026-01-05T17:00,72,34.2,35.4,1267.0,50.3,24.2,93.0
2026-01-05T18:00,72,36.6,37.6,1631.0,55.7,20.7,63.0
2026-01-05T19:00,72,35.6,37.3,1783.0,46.4,15.7,69.0
2026-01-05T20:00,71,30.0,32.4,1501.0,43.1,14.5,61.0
2026-01-05T21:00,70,25.0,26.8,1007.0,38.6,12.8,50.0
2026-01-05T22:00,70,24.0,25.7,681.0,36.1,11.6,40.0
2026-01-05T23:00,69,25.1,26.8,716.0,37.2,11.1,32.0
2026-01-06T00:00,69,26.4,28.1,919.0,40.3,11.0,26.0
2026-01-06T01:00,69,25.6,27.4,1091.0,43.6,11.5,20.0
2026-01-06T02:00,69,25.4,27.2,1165.0,46.7,12.3,16.0
2026-01-06T03:00,68,26.3,28.1,1208.0,50.0,13.5,13.0
2026-01-06T04:00,68,27.2,29.0,1228.0,52.5,16.1,11.0
2026-01-06T05:00,67,29.4,31.4,1225.0,54.1,21.1,10.0
2026-01-06T06:00,67,34.8,36.9,1198.0,55.0,27.3,11.0
2026-01-06T07:00,66,38.2,40.7,1151.0,47.0,16.1,16.0
2026-01-06T08:00,66,24.7,27.2,1070.0,44.9,16.0,27.0
2026-01-06T09:00,65,21.7,24.6,968.0,42.1,15.9,43.0
2026-01-06T10:00,65,24.3,28.2,894.0,39.7,15.6,57.0
2026-01-06T11:00,64,24.2,26.4,871.0,38.3,15.0,69.0
2026-01-06T12:00,64,22.8,24.2,876.0,37.4,14.3,79.0
2026-01-06T13:00,63,22.5,23.8,881.0,36.9,13.7,86.0
2026-01-06T14:00,63,22.6,23.9,861.0,35.8,12.8,90.0
2026-01-06T15:00,63,23.5,24.7,843.0,35.2,12.0,91.0
2026-01-06T16:00,62,24.4,25.3,876.0,38.1,12.5,87.0
2026-01-06T17:00,62,26.8,29.3,980.0,48.6,15.9,73.0
2026-01-06T18:00,62,34.0,37.3,1136.0,62.6,20.7,53.0
2026-01-06T19:00,61,25.9,27.9,1337.0,46.2,14.5,50.0
2026-01-06T20:00,61,26.4,28.1,1693.0,47.9,16.7,45.0
2026-01-06T21:00,61,30.5,32.2,2095.0,50.3,19.6,38.0
2026-01-06T22:00,61,38.9,40.6,2208.0,52.0,21.4,32.0
2026-01-06T23:00,62,39.9,41.4,1760.0,52.6,21.0,28.0
2026-01-07T00:00,62,36.3,37.7,1022.0,52.6,19.4,25.0
2026-01-07T01:00,63,35.0,36.3,474.0,52.3,18.5,23.0
2026-01-07T02:00,63,33.5,34.2,315.0,51.5,18.8,23.0
2026-01-07T03:00,63,31.9,32.4,347.0,50.5,19.7,25.0
2026-01-07T04:00,63,31.3,31.9,448.0,50.4,21.2,26.0
2026-01-07T05:00,63,31.8,32.2,623.0,52.9,24.2,22.0
2026-01-07T06:00,64,34.1,34.6,869.0,56.3,27.8,18.0
2026-01-07T07:00,64,55.3,56.6,1054.0,55.6,32.2,21.0
2026-01-07T08:00,64,55.5,56.2,1134.0,55.1,32.1,31.0
2026-01-07T09:00,65,52.0,53.0,1155.0,54.2,31.8,47.0
2026-01-07T10:00,66,41.6,42.7,1118.0,52.0,30.8,65.0
2026-01-07T11:00,67,36.9,38.2,991.0,46.9,28.4,88.0
2026-01-07T12:00,67,36.6,37.8,808.0,40.5,25.2,114.0
2026-01-07T13:00,68,36.9,38.2,670.0,36.1,23.2,135.0
2026-01-07T14:00,68,38.1,39.3,613.0,35.0,23.4,149.0
2026-01-07T15:00,69,39.7,40.9,600.0,35.9,24.7,158.0
2026-01-07T16:00,69,39.6,40.7,630.0,38.3,25.3,156.0
2026-01-07T17:00,70,39.9,41.0,716.0,43.8,24.4,134.0
2026-01-07T18:00,70,41.4,42.4,844.0,50.8,22.8,101.0
2026-01-07T19:00,70,36.3,37.3,965.0,50.4,19.5,75.0
2026-01-07T20:00,71,32.7,34.1,1051.0,45.2,17.2,70.0
2026-01-07T21:00,71,29.2,30.2,1129.0,38.0,14.0,62.0
2026-01-07T22:00,71,25.9,26.4,1235.0,33.0,11.3,55.0
2026-01-07T23:00,70,26.2,26.6,1451.0,31.8,9.4,49.0
2026-01-08T00:00,70,24.7,25.1,1694.0,32.7,8.0,44.0
2026-01-08T01:00,70,25.0,25.4,1750.0,35.3,8.1,38.0
2026-01-08T02:00,69,27.4,27.7,1416.0,40.7,10.6,31.0
2026-01-08T03:00,69,31.5,31.9,895.0,47.7,14.6,24.0
2026-01-08T04:00,69,35.4,35.7,583.0,52.4,18.6,19.0
2026-01-08T05:00,69,38.9,39.1,722.0,52.7,22.6,17.0
2026-01-08T06:00,69,42.0,42.3,1071.0,50.7,26.6,17.0
2026-01-08T07:00,70,44.6,45.3,1298.0,41.6,17.8,22.0
2026-01-08T08:00,69,36.2,36.7,1253.0,39.4,17.0,38.0
2026-01-08T09:00,69,32.0,32.8,1087.0,36.1,16.0,62.0
2026-01-08T10:00,68,27.7,28.6,923.0,32.3,14.8,84.0
2026-01-08T11:00,67,25.7,26.5,793.0,27.3,13.6,105.0
2026-01-08T12:00,67,25.7,26.5,666.0,21.7,12.2,125.0
2026-01-08T13:00,67,24.2,25.0,571.0,17.6,11.1,139.0
2026-01-08T14:00,66,23.2,23.9,505.0,14.9,10.2,148.0
2026-01-08T15:00,66,22.8,23.4,470.0,13.8,9.4,150.0
2026-01-08T16:00,65,22.3,22.9,508.0,17.0,9.2,143.0
2026-01-08T17:00,65,23.2,23.7,672.0,28.4,10.0,118.0
2026-01-08T18:00,64,33.8,34.6,909.0,44.1,11.3,83.0
2026-01-08T19:00,64,37.0,38.2,1095.0,38.1,10.9,77.0
2026-01-08T20:00,64,33.6,34.8,1197.0,38.4,10.1,68.0
2026-01-08T21:00,64,32.5,33.6,1249.0,38.7,9.1,55.0
2026-01-08T22:00,64,36.7,38.6,1233.0,39.0,8.8,45.0
2026-01-08T23:00,64,33.4,34.7,1115.0,39.1,9.7,41.0
2026-01-09T00:00,65,29.5,30.0,929.0,39.1,11.4,39.0
2026-01-09T01:00,65,27.5,27.9,765.0,39.1,13.0,38.0
2026-01-09T02:00,65,26.3,26.5,630.0,39.1,14.3,37.0
2026-01-09T03:00,65,25.6,25.8,516.0,39.1,15.6,36.0
2026-01-09T04:00,65,25.7,25.8,492.0,39.2,16.9,35.0
2026-01-09T05:00,64,26.1,26.4,640.0,40.0,18.4,32.0
2026-01-09T06:00,64,27.2,27.5,878.0,41.1,19.9,28.0
2026-01-09T07:00,63,31.4,31.9,1028.0,39.9,19.5,39.0
2026-01-09T08:00,63,32.8,33.4,993.0,36.9,18.8,50.0
2026-01-09T09:00,63,32.6,33.3,871.0,32.6,17.7,67.0
2026-01-09T10:00,63,30.2,31.3,777.0,28.7,16.5,84.0
2026-01-09T11:00,63,28.4,29.6,768.0,25.6,14.9,103.0
2026-01-09T12:00,63,28.1,29.3,788.0,23.0,13.1,123.0
2026-01-09T13:00,63,28.6,29.7,786.0,21.4,12.3,139.0
2026-01-09T14:00,64,29.7,30.7,683.0,20.3,13.2,153.0
2026-01-09T15:00,66,31.2,32.2,559.0,20.2,15.1,164.0
2026-01-09T16:00,66,31.7,32.7,601.0,23.0,16.8,164.0
2026-01-09T17:00,64,34.7,35.5,1017.0,31.2,18.0,145.0
2026-01-09T18:00,64,40.0,40.9,1599.0,42.2,19.1,114.0
2026-01-09T19:00,65,55.4,56.9,1911.0,57.8,18.8,73.0
2026-01-09T20:00,65,49.8,51.2,1667.0,56.4,17.7,67.0
2026-01-09T21:00,66,48.1,51.0,1151.0,54.9,16.4,58.0
2026-01-09T22:00,66,53.3,58.0,784.0,55.6,17.2,49.0
2026-01-09T23:00,67,63.6,68.9,761.0,61.0,21.8,40.0
2026-01-10T00:00,68,67.5,72.6,886.0,68.8,28.4,30.0
2026-01-10T01:00,69,67.8,72.6,988.0,74.5,34.2,23.0
2026-01-10T02:00,71,68.5,72.9,996.0,76.4,38.3,19.0
2026-01-10T03:00,72,69.8,73.8,980.0,76.3,41.6,16.0
2026-01-10T04:00,73,69.6,73.3,982.0,74.7,43.7,15.0
2026-01-10T05:00,75,67.3,70.5,1040.0,71.4,43.8,13.0
2026-01-10T06:00,76,65.0,67.8,1115.0,66.7,42.6,11.0
2026-01-10T07:00,78,52.7,54.9,1135.0,54.2,33.5,20.0
2026-01-10T08:00,78,49.4,51.8,1049.0,51.7,36.3,37.0
2026-01-10T09:00,79,50.1,53.7,906.0,47.9,39.9,62.0
2026-01-10T10:00,79,44.5,46.2,785.0,42.6,40.7,88.0
2026-01-10T11:00,80,37.7,39.2,708.0,34.1,36.0,117.0
2026-01-10T12:00,80,34.9,36.2,651.0,24.1,28.5,148.0
2026-01-10T13:00,80,34.2,35.4,626.0,16.9,22.5,171.0
2026-01-10T14:00,81,34.7,35.7,560.0,13.9,19.9,185.0
2026-01-10T15:00,81,34.3,35.4,524.0,13.8,18.8,192.0
2026-01-10T16:00,81,35.2,36.2,744.0,16.7,18.5,188.0
2026-01-10T17:00,81,37.4,38.3,1543.0,24.6,19.0,167.0
2026-01-10T18:00,81,41.4,42.3,2598.0,35.6,20.2,134.0
2026-01-10T19:00,81,59.6,61.2,3156.0,52.4,23.0,90.0
2026-01-10T20:00,81,59.8,61.5,2743.0,52.3,24.5,82.0
2026-01-10T21:00,82,58.3,59.8,1834.0,52.2,26.5,71.0
2026-01-10T22:00,82,59.3,60.8,1103.0,51.9,27.4,62.0
2026-01-10T23:00,82,61.2,62.6,809.0,51.1,26.2,56.0
2026-01-11T00:00,82,60.1,61.9,694.0,50.0,23.9,52.0
2026-01-11T01:00,82,55.9,57.5,653.0,49.4,22.0,48.0
2026-01-11T02:00,81,51.7,53.3,644.0,49.0,20.4,45.0
2026-01-11T03:00,81,52.2,54.5,710.0,49.1,19.2,44.0
2026-01-11T04:00,80,57.7,60.8,874.0,50.8,19.9,40.0
2026-01-11T05:00,80,68.5,71.0,1251.0,56.2,24.0,30.0
2026-01-11T06:00,80,76.8,78.7,1725.0,63.3,30.1,18.0
2026-01-11T07:00,80,80.3,82.0,1973.0,59.0,26.7,18.0
2026-01-11T08:00,81,74.3,75.9,1794.0,55.0,30.3,39.0
2026-01-11T09:00,82,58.9,61.0,1388.0,49.1,35.0,68.0
2026-01-11T10:00,82,55.4,57.6,1032.0,42.3,36.6,96.0
2026-01-11T11:00,83,56.7,58.8,815.0,33.1,31.8,121.0
2026-01-11T12:00,83,52.0,53.8,648.0,22.8,23.9,145.0
2026-01-11T13:00,84,43.7,45.3,538.0,16.7,18.0,160.0
2026-01-11T14:00,84,41.0,42.6,466.0,17.6,16.6,163.0
2026-01-11T15:00,84,41.8,43.3,451.0,22.7,17.3,157.0
2026-01-11T16:00,85,43.8,45.3,558.0,28.2,18.0,148.0
2026-01-11T17:00,85,46.4,47.7,929.0,34.0,18.3,135.0
2026-01-11T18:00,85,45.3,46.6,1421.0,40.2,18.7,119.0
2026-01-11T19:00,85,42.3,43.4,1676.0,43.5,18.6,105.0
2026-01-11T20:00,85,35.2,36.6,1455.0,41.3,17.4,96.0
2026-01-11T21:00,84,30.6,32.6,995.0,36.2,15.8,90.0
2026-01-11T22:00,83,28.4,30.4,653.0,33.1,14.5,82.0
2026-01-11T23:00,82,27.9,29.7,581.0,34.0,13.9,71.0
2026-01-12T00:00,81,28.3,30.4,625.0,36.9,13.8,60.0
2026-01-12T01:00,80,30.4,32.6,685.0,40.1,14.2,49.0
2026-01-12T02:00,79,34.1,36.8,701.0,43.4,15.3,40.0
2026-01-12T03:00,78,39.9,43.2,732.0,47.0,17.0,33.0
2026-01-12T04:00,78,45.3,48.8,850.0,50.0,18.8,27.0
2026-01-12T05:00,78,48.4,51.9,1183.0,52.3,20.4,19.0
2026-01-12T06:00,77,50.6,54.0,1603.0,54.1,22.2,11.0
2026-01-12T07:00,76,75.4,78.7,1801.0,60.0,17.5,22.0
2026-01-12T08:00,76,47.6,51.6,1561.0,55.6,20.0,41.0
2026-01-12T09:00,75,37.3,41.8,1099.0,49.4,23.4,69.0
2026-01-12T10:00,74,38.3,39.9,754.0,43.1,25.3,96.0
2026-01-12T11:00,74,38.4,39.8,676.0,36.4,24.4,121.0
2026-01-12T12:00,73,37.4,38.6,714.0,29.6,22.2,146.0
2026-01-12T13:00,73,36.6,37.7,756.0,25.5,20.4,163.0
2026-01-12T14:00,72,36.6,37.7,763.0,25.5,20.0,172.0
2026-01-12T15:00,72,37.3,38.3,775.0,28.1,20.2,174.0
2026-01-12T16:00,72,37.5,38.6,794.0,31.9,20.2,166.0
2026-01-12T17:00,72,36.1,37.1,835.0,38.1,20.0,142.0
2026-01-12T18:00,72,35.3,36.4,884.0,45.5,19.8,108.0
2026-01-12T19:00,71,35.9,37.1,904.0,46.8,18.2,88.0
2026-01-12T20:00,71,28.9,31.4,873.0,41.5,16.6,87.0
2026-01-12T21:00,71,24.3,26.5,814.0,34.2,14.4,86.0
2026-01-12T22:00,71,21.0,23.3,753.0,28.8,12.5,83.0
2026-01-12T23:00,70,19.0,21.5,692.0,27.1,11.1,79.0
2026-01-13T00:00,70,18.2,21.1,629.0,27.4,9.9,73.0
2026-01-13T01:00,70,18.7,21.8,593.0,28.4,9.4,67.0
2026-01-13T02:00,69,20.3,23.5,577.0,29.5,9.5,61.0
2026-01-13T03:00,69,22.4,26.0,586.0,31.3,10.2,54.0
2026-01-13T04:00,68,24.9,28.8,667.0,34.7,11.9,48.0
2026-01-13T05:00,68,26.8,31.0,906.0,41.8,15.6,39.0
2026-01-13T06:00,67,29.5,33.9,1217.0,50.5,20.3,30.0
2026-01-13T07:00,66,42.3,46.7,1384.0,52.9,21.9,26.0
2026-01-13T08:00,65,30.7,35.2,1274.0,47.5,20.3,40.0
2026-01-13T09:00,64,29.3,34.2,1019.0,39.9,18.1,60.0
2026-01-13T10:00,64,28.3,32.5,806.0,33.4,16.8,82.0
2026-01-13T11:00,64,29.3,31.3,701.0,29.1,17.3,106.0
2026-01-13T12:00,64,32.9,34.7,636.0,26.0,18.6,132.0
2026-01-13T13:00,64,35.9,37.5,597.0,23.9,19.7,153.0
2026-01-13T14:00,67,37.7,39.2,575.0,22.5,20.1,170.0
2026-01-13T15:00,69,38.2,39.6,577.0,22.3,20.2,182.0
2026-01-13T16:00,69,38.9,40.4,613.0,24.2,20.0,181.0
2026-01-13T17:00,65,37.7,39.5,721.0,30.8,19.6,157.0
2026-01-13T18:00,64,39.7,41.2,863.0,39.6,19.0,121.0
2026-01-13T19:00,64,53.1,55.2,930.0,52.2,21.1,88.0
2026-01-13T20:00,64,40.5,42.8,850.0,45.9,19.0,85.0
2026-01-13T21:00,65,30.9,33.2,695.0,37.2,16.0,80.0
2026-01-13T22:00,65,24.4,26.5,569.0,30.7,13.4,75.0
2026-01-13T23:00,65,21.0,22.9,513.0,28.4,11.5,70.0
2026-01-14T00:00,65,18.6,20.7,486.0,28.3,10.1,64.0
2026-01-14T01:00,65,17.9,20.0,472.0,29.0,9.4,58.0
2026-01-14T02:00,65,18.5,20.7,448.0,29.8,9.5,53.0
2026-01-14T03:00,65,20.4,22.9,436.0,31.4,10.3,48.0
2026-01-14T04:00,65,23.0,25.7,494.0,34.5,12.0,42.0
2026-01-14T05:00,65,25.5,28.5,690.0,41.2,15.4,33.0
2026-01-14T06:00,65,29.5,32.7,956.0,49.3,19.6,24.0
2026-01-14T07:00,65,41.8,45.3,1137.0,52.1,20.4,20.0
2026-01-14T08:00,65,30.0,33.6,1159.0,47.0,19.8,33.0
2026-01-14T09:00,65,27.4,31.2,1098.0,39.8,18.9,52.0
2026-01-14T10:00,65,25.8,28.9,1025.0,33.6,18.1,74.0
2026-01-14T11:00,65,28.8,30.4,952.0,29.4,17.5,100.0
2026-01-14T12:00,65,36.8,38.5,869.0,26.3,17.1,129.0
2026-01-14T13:00,65,40.2,41.8,814.0,24.5,16.8,151.0
2026-01-14T14:00,66,41.1,42.6,814.0,24.4,16.9,164.0
2026-01-14T15:00,67,40.5,42.0,843.0,25.6,17.3,169.0
2026-01-14T16:00,66,36.7,38.2,860.0,27.0,17.1,165.0
2026-01-14T17:00,65,30.2,31.7,856.0,28.7,16.0,145.0
2026-01-14T18:00,65,29.6,32.4,841.0,30.7,14.4,116.0
2026-01-14T19:00,64,29.0,31.7,802.0,36.0,15.1,88.0
2026-01-14T20:00,64,23.3,25.6,724.0,33.8,14.2,84.0
2026-01-14T21:00,63,19.6,21.8,622.0,30.8,12.9,79.0
2026-01-14T22:00,63,17.3,19.8,532.0,28.4,11.7,74.0
2026-01-14T23:00,62,16.2,18.9,462.0,27.2,10.6,71.0
2026-01-15T00:00,62,14.8,17.3,403.0,26.6,9.6,69.0
2026-01-15T01:00,62,14.2,16.8,362.0,26.3,8.9,66.0
2026-01-15T02:00,62,14.2,16.8,328.0,26.0,8.5,62.0
2026-01-15T03:00,62,14.6,17.3,312.0,26.0,8.4,58.0
2026-01-15T04:00,62,15.7,18.5,351.0,27.4,9.1,53.0
2026-01-15T05:00,61,17.5,20.4,487.0,31.9,11.2,45.0
2026-01-15T06:00,61,20.8,23.8,679.0,37.9,14.1,37.0
2026-01-15T07:00,61,25.4,28.3,835.0,38.7,13.9,34.0
2026-01-15T08:00,60,23.1,26.7,941.0,35.4,13.9,48.0
2026-01-15T09:00,60,24.2,28.3,1013.0,30.8,13.8,67.0
2026-01-15T10:00,60,24.0,27.1,1003.0,26.4,13.8,88.0
2026-01-15T11:00,60,26.2,27.4,846.0,22.6,13.9,111.0
2026-01-15T12:00,61,29.3,30.4,607.0,19.0,13.9,136.0
2026-01-15T13:00,65,31.4,32.4,440.0,16.7,14.0,155.0
2026-01-15T14:00,67,34.3,35.3,421.0,16.1,14.1,168.0
2026-01-15T15:00,68,34.5,35.3,474.0,16.7,14.2,176.0
2026-01-15T16:00,68,34.9,35.9,524.0,18.2,13.9,173.0
2026-01-15T17:00,64,34.0,35.3,551.0,21.4,13.1,152.0
2026-01-15T18:00,55,29.4,30.9,575.0,25.5,11.9,121.0
2026-01-15T19:00,55,26.6,29.4,582.0,27.6,10.6,93.0
2026-01-15T20:00,54,20.9,23.2,560.0,26.6,10.3,90.0
2026-01-15T21:00,54,17.6,19.8,520.0,25.2,9.9,86.0
2026-01-15T22:00,54,15.7,18.1,483.0,24.3,9.5,82.0
2026-01-15T23:00,53,14.4,16.8,453.0,24.3,9.0,78.0
2026-01-16T00:00,53,13.4,15.8,427.0,24.9,8.5,73.0
2026-01-16T01:00,53,13.6,16.0,408.0,25.9,8.4,67.0
2026-01-16T02:00,53,14.6,17.0,363.0,27.1,8.7,60.0
2026-01-16T03:00,53,16.0,18.6,326.0,28.8,9.3,53.0
2026-01-16T04:00,53,17.9,20.6,408.0,31.4,10.4,46.0
2026-01-16T05:00,53,20.1,23.0,749.0,36.4,12.7,37.0
2026-01-16T06:00,54,23.5,26.5,1208.0,42.5,15.5,28.0
2026-01-16T07:00,54,37.5,41.8,1473.0,50.0,19.4,23.0
2026-01-16T08:00,56,26.8,31.4,1352.0,46.3,17.7,36.0
2026-01-16T09:00,57,26.4,31.4,1037.0,41.0,15.4,54.0
2026-01-16T10:00,57,28.9,31.3,792.0,36.0,13.4,74.0
2026-01-16T11:00,58,35.0,37.3,726.0,31.4,12.2,95.0
2026-01-16T12:00,59,38.8,40.7,729.0,27.0,11.3,117.0
2026-01-16T13:00,61,39.9,41.8,738.0,24.0,10.9,135.0
2026-01-16T14:00,63,42.7,44.5,732.0,22.2,10.9,149.0
2026-01-16T15:00,65,40.4,42.0,732.0,21.7,11.3,160.0
2026-01-16T16:00,65,40.7,42.4,739.0,24.0,12.1,158.0
2026-01-16T17:00,61,41.0,42.4,766.0,32.1,13.8,136.0
2026-01-16T18:00,61,42.0,43.4,800.0,42.9,16.0,102.0
2026-01-16T19:00,62,36.1,38.9,800.0,45.9,16.1,79.0
2026-01-16T20:00,62,30.6,33.3,741.0,42.1,15.5,76.0
2026-01-16T21:00,62,26.1,28.7,649.0,36.8,14.7,71.0
2026-01-16T22:00,63,23.3,25.8,563.0,32.5,13.7,68.0
2026-01-16T23:00,63,21.1,23.6,493.0,30.1,12.3,67.0
2026-01-17T00:00,63,18.7,21.3,429.0,28.7,10.6,67.0
2026-01-17T01:00,63,17.8,20.4,379.0,27.8,9.4,66.0
2026-01-17T02:00,64,18.0,20.7,323.0,27.0,8.7,64.0
2026-01-17T03:00,64,18.6,21.5,281.0,26.7,8.5,60.0
2026-01-17T04:00,64,19.6,22.5,317.0,28.0,9.1,56.0
2026-01-17T05:00,64,21.0,24.1,514.0,32.7,11.2,48.0
2026-01-17T06:00,64,23.9,27.3,788.0,38.9,14.0,38.0
2026-01-17T07:00,64,31.5,35.3,957.0,40.3,15.2,36.0
2026-01-17T08:00,64,25.8,30.5,917.0,36.6,14.6,47.0
2026-01-17T09:00,64,25.5,30.3,770.0,31.3,13.8,63.0
2026-01-17T10:00,64,24.4,27.6,646.0,26.5,13.1,82.0
2026-01-17T11:00,63,25.5,27.6,589.0,22.6,12.5,107.0
2026-01-17T12:00,63,29.1,30.9,554.0,19.2,12.0,135.0
2026-01-17T13:00,65,30.9,32.4,530.0,17.0,11.5,155.0
2026-01-17T14:00,66,31.1,32.5,513.0,16.3,10.9,163.0
2026-01-17T15:00,66,30.2,31.7,506.0,16.7,10.4,162.0
2026-01-17T16:00,65,29.5,31.2,508.0,18.1,10.1,155.0
2026-01-17T17:00,61,27.9,29.9,527.0,21.1,10.2,138.0
2026-01-17T18:00,61,27.4,29.4,556.0,25.0,10.6,115.0
2026-01-17T19:00,60,24.4,27.9,569.0,27.8,11.2,97.0
2026-01-17T20:00,60,20.7,23.6,553.0,25.9,10.4,96.0
2026-01-17T21:00,59,18.9,21.9,522.0,23.2,9.2,94.0
2026-01-17T22:00,57,18.5,21.5,493.0,21.4,8.3,92.0
2026-01-17T23:00,57,18.6,21.6,470.0,21.1,7.9,89.0
2026-01-18T00:00,56,18.2,21.2,449.0,21.7,7.7,85.0
2026-01-18T01:00,56,18.5,21.7,436.0,22.7,7.8,81.0
2026-01-18T02:00,56,19.2,22.5,409.0,23.3,8.0,76.0
2026-01-18T03:00,56,21.0,24.6,391.0,24.4,8.5,70.0
2026-01-18T04:00,57,23.7,28.0,457.0,27.6,10.0,64.0
2026-01-18T05:00,58,27.1,32.0,705.0,36.2,13.8,54.0
2026-01-18T06:00,59,31.4,36.7,1039.0,46.9,18.7,44.0
2026-01-18T07:00,60,38.5,44.7,1239.0,48.0,19.0,46.0
2026-01-18T08:00,60,33.2,39.5,1184.0,42.3,16.9,57.0
2026-01-18T09:00,60,27.0,30.7,996.0,34.3,14.1,74.0
2026-01-18T10:00,60,28.1,31.1,828.0,27.6,12.0,92.0
2026-01-18T11:00,61,31.3,33.9,734.0,23.5,11.5,113.0
2026-01-18T12:00,61,35.0,37.4,660.0,20.7,11.8,137.0
2026-01-18T13:00,64,36.7,38.9,597.0,19.0,12.0,154.0
2026-01-18T14:00,66,37.1,39.1,536.0,18.5,11.7,163.0
2026-01-18T15:00,67,42.3,44.6,487.0,19.2,11.4,166.0
2026-01-18T16:00,66,37.1,39.2,467.0,20.9,11.3,162.0
2026-01-18T17:00,63,35.3,37.3,501.0,24.6,11.8,146.0
2026-01-18T18:00,62,35.6,37.4,565.0,29.4,12.6,122.0
2026-01-18T19:00,63,36.3,39.0,608.0,29.9,12.3,100.0
2026-01-18T20:00,63,30.4,32.6,605.0,28.2,11.6,97.0
2026-01-18T21:00,63,26.4,28.3,579.0,25.9,10.5,93.0
2026-01-18T22:00,64,23.6,25.5,554.0,24.6,9.8,88.0
2026-01-18T23:00,64,22.4,24.1,535.0,25.0,9.5,83.0
2026-01-19T00:00,64,21.7,23.6,515.0,26.4,9.5,77.0
2026-01-19T01:00,64,22.2,24.4,497.0,28.0,9.7,72.0
2026-01-19T02:00,64,23.9,26.5,455.0,28.9,10.0,67.0
2026-01-19T03:00,64,26.3,29.4,416.0,29.9,10.6,62.0
2026-01-19T04:00,64,28.8,32.7,459.0,32.7,11.7,56.0
2026-01-19T05:00,65,32.1,36.8,685.0,40.1,14.0,45.0
2026-01-19T06:00,65,41.2,45.8,994.0,49.3,16.9,32.0
2026-01-19T07:00,65,47.7,51.2,1162.0,47.8,17.6,32.0
2026-01-19T08:00,65,36.3,40.4,1045.0,42.4,16.6,49.0
2026-01-19T09:00,65,30.7,33.3,789.0,34.9,15.1,74.0
2026-01-19T10:00,66,31.1,33.4,604.0,28.4,13.7,97.0
2026-01-19T11:00,66,33.3,35.5,584.0,23.6,12.4,119.0
2026-01-19T12:00,66,35.7,38.0,637.0,19.8,11.1,139.0
2026-01-19T13:00,66,37.5,39.7,695.0,17.9,10.3,153.0
2026-01-19T14:00,66,36.7,38.6,748.0,18.6,10.0,158.0
2026-01-19T15:00,66,36.2,38.2,806.0,21.1,10.1,155.0
2026-01-19T16:00,66,35.3,37.1,837.0,24.4,10.6,147.0
2026-01-19T17:00,66,31.5,33.4,819.0,28.9,11.6,130.0
2026-01-19T18:00,65,30.7,32.2,774.0,34.0,12.9,106.0
2026-01-19T19:00,65,35.5,38.2,730.0,38.7,14.3,84.0
2026-01-19T20:00,65,31.0,33.8,698.0,37.8,14.2,77.0
2026-01-19T21:00,65,27.4,30.2,668.0,36.7,14.0,68.0
2026-01-19T22:00,65,26.1,28.9,635.0,36.5,13.9,59.0
2026-01-19T23:00,65,26.1,29.2,596.0,37.7,13.6,53.0
2026-01-20T00:00,66,26.5,30.2,555.0,39.7,13.3,47.0
2026-01-20T01:00,66,28.2,32.2,519.0,42.0,13.5,42.0
2026-01-20T02:00,66,29.6,34.0,466.0,44.6,14.7,37.0
2026-01-20T03:00,66,32.0,36.6,418.0,47.5,16.2,33.0
2026-01-20T04:00,66,36.4,41.2,449.0,49.8,17.1,28.0
2026-01-20T05:00,66,45.8,51.2,646.0,51.4,16.1,20.0
2026-01-20T06:00,67,69.8,72.6,921.0,52.3,14.4,11.0
2026-01-20T07:00,68,48.8,54.0,1092.0,56.6,23.7,17.0
2026-01-20T08:00,68,36.4,41.6,1061.0,51.1,22.1,33.0
2026-01-20T09:00,68,32.5,37.4,924.0,43.3,19.7,56.0
2026-01-20T10:00,68,31.0,33.2,787.0,35.1,17.1,81.0
2026-01-20T11:00,68,35.6,37.6,677.0,26.4,14.2,109.0
2026-01-20T12:00,68,35.0,36.7,567.0,17.4,11.0,139.0
2026-01-20T13:00,68,31.5,32.9,483.0,10.9,8.5,160.0
2026-01-20T14:00,68,28.6,29.7,430.0,7.5,6.9,166.0
2026-01-20T15:00,68,26.8,27.8,404.0,6.7,5.9,163.0
2026-01-20T16:00,67,25.1,26.0,416.0,9.2,6.0,153.0
2026-01-20T17:00,67,27.7,28.8,495.0,18.0,7.9,131.0
2026-01-20T18:00,67,28.7,30.0,614.0,30.3,10.9,103.0
2026-01-20T19:00,67,29.4,31.1,699.0,34.2,11.9,86.0
2026-01-20T20:00,67,23.7,26.0,720.0,31.0,11.2,86.0
2026-01-20T21:00,66,19.1,20.8,707.0,26.7,10.3,85.0
2026-01-20T22:00,66,17.1,18.4,685.0,24.1,9.7,82.0
2026-01-20T23:00,66,17.3,18.7,655.0,24.5,9.4,76.0
2026-01-21T00:00,65,17.8,19.3,616.0,26.5,9.4,67.0
2026-01-21T01:00,65,19.6,21.3,581.0,29.2,9.9,59.0
2026-01-21T02:00,65,22.5,24.3,521.0,32.7,11.4,52.0
2026-01-21T03:00,65,26.6,28.5,467.0,36.9,13.6,46.0
2026-01-21T04:00,64,32.7,34.7,522.0,40.3,15.2,40.0
2026-01-21T05:00,64,38.6,40.5,824.0,43.0,15.7,29.0
2026-01-21T06:00,64,43.0,44.8,1236.0,45.0,15.8,18.0
2026-01-21T07:00,63,53.8,55.5,1455.0,41.2,14.9,20.0
2026-01-21T08:00,63,54.4,56.0,1295.0,37.7,15.5,47.0
2026-01-21T09:00,64,42.7,45.1,941.0,32.7,16.1,84.0
2026-01-21T10:00,64,38.3,40.9,644.0,27.6,15.9,117.0
2026-01-21T11:00,65,33.9,36.6,489.0,22.1,14.0,140.0
2026-01-21T12:00,65,29.2,31.7,391.0,16.6,11.3,158.0
2026-01-21T13:00,67,25.4,27.6,339.0,12.9,9.0,168.0
2026-01-21T14:00,67,22.5,24.5,337.0,12.0,7.5,166.0
2026-01-21T15:00,65,19.7,21.5,381.0,13.0,6.6,156.0
2026-01-21T16:00,64,18.3,20.1,449.0,15.6,6.5,142.0
2026-01-21T17:00,63,20.6,23.5,554.0,20.9,8.0,124.0
2026-01-21T18:00,63,23.2,26.0,684.0,27.9,10.4,103.0
2026-01-21T19:00,63,25.3,27.5,777.0,40.5,13.8,74.0
2026-01-21T20:00,63,23.9,26.1,795.0,37.0,13.4,74.0
2026-01-21T21:00,63,21.9,24.1,777.0,32.4,12.9,73.0
2026-01-21T22:00,63,20.4,22.5,781.0,30.1,12.7,70.0
2026-01-21T23:00,63,20.8,22.9,832.0,32.1,13.1,62.0
2026-01-22T00:00,63,22.1,24.3,905.0,36.3,13.9,51.0
2026-01-22T01:00,63,25.8,28.1,977.0,40.4,14.6,40.0
2026-01-22T02:00,64,27.8,29.9,1048.0,43.7,14.9,31.0
2026-01-22T03:00,64,27.2,29.0,1118.0,46.8,15.2,22.0
2026-01-22T04:00,64,27.9,29.6,1165.0,48.8,15.9,16.0
2026-01-22T05:00,64,28.8,30.4,1182.0,49.3,17.6,12.0
2026-01-22T06:00,63,31.1,32.7,1175.0,48.7,19.7,11.0
2026-01-22T07:00,63,43.8,45.2,1141.0,46.0,19.3,20.0
2026-01-22T08:00,62,39.6,40.5,1074.0,42.0,19.1,44.0
2026-01-22T09:00,62,35.7,36.9,980.0,36.3,18.6,78.0
2026-01-22T10:00,62,31.0,32.5,876.0,30.1,17.1,105.0
2026-01-22T11:00,62,26.0,27.6,755.0,22.9,13.7,121.0
2026-01-22T12:00,61,21.5,23.2,623.0,15.4,9.4,132.0
2026-01-22T13:00,61,16.9,18.6,516.0,10.2,6.1,136.0
2026-01-22T14:00,61,14.7,16.6,424.0,8.2,4.5,134.0
2026-01-22T15:00,60,12.9,14.7,357.0,8.6,4.0,127.0
2026-01-22T16:00,60,12.4,14.2,383.0,12.3,4.4,115.0
2026-01-22T17:00,60,17.2,19.0,575.0,22.1,6.2,96.0
2026-01-22T18:00,60,21.9,24.3,859.0,35.2,9.0,71.0
2026-01-22T19:00,59,29.2,31.5,1085.0,49.3,12.0,52.0
2026-01-22T20:00,60,28.5,30.6,1219.0,47.2,11.6,49.0
2026-01-22T21:00,60,26.8,28.9,1296.0,44.2,11.0,45.0
2026-01-22T22:00,60,25.4,27.4,1262.0,41.7,10.3,41.0
2026-01-22T23:00,60,27.2,29.1,1035.0,40.3,9.2,39.0
2026-01-23T00:00,61,24.4,26.2,697.0,39.3,8.0,37.0
2026-01-23T01:00,61,21.0,22.5,451.0,38.2,7.2,36.0
2026-01-23T02:00,61,19.4,20.7,371.0,36.4,7.0,35.0
2026-01-23T03:00,60,19.0,20.3,383.0,34.5,7.3,34.0
2026-01-23T04:00,60,19.6,21.0,458.0,33.6,8.2,33.0
2026-01-23T05:00,59,20.7,22.0,634.0,35.1,10.1,29.0
2026-01-23T06:00,58,22.9,24.2,874.0,37.8,12.5,25.0
2026-01-23T07:00,56,34.2,36.6,1040.0,40.3,13.0,26.0
2026-01-23T08:00,55,28.7,31.4,1075.0,36.2,12.7,44.0
2026-01-23T09:00,53,24.6,28.1,1036.0,30.4,12.2,68.0
2026-01-23T10:00,51,21.1,24.6,958.0,25.2,11.5,91.0
2026-01-23T11:00,49,19.2,22.4,827.0,21.1,10.6,109.0
2026-01-23T12:00,57,17.7,20.6,657.0,17.6,9.5,125.0
2026-01-23T13:00,61,16.3,18.8,521.0,14.9,8.5,135.0
2026-01-23T14:00,62,14.6,16.6,436.0,12.2,7.4,140.0
2026-01-23T15:00,62,13.1,14.6,384.0,10.2,6.3,139.0
2026-01-23T16:00,60,12.0,13.3,390.0,12.0,6.1,131.0
2026-01-23T17:00,47,13.2,14.8,491.0,20.6,7.3,110.0
2026-01-23T18:00,47,21.9,24.6,650.0,32.9,9.4,82.0
2026-01-23T19:00,47,31.7,34.8,774.0,49.4,13.2,54.0
2026-01-23T20:00,47,31.9,34.6,816.0,49.0,15.4,52.0
2026-01-23T21:00,48,31.4,33.9,824.0,48.4,18.3,48.0
2026-01-23T22:00,49,32.2,34.3,848.0,47.5,19.7,44.0
2026-01-23T23:00,50,31.5,33.3,933.0,46.3,18.3,39.0
2026-01-24T00:00,50,28.2,29.7,1034.0,44.8,15.4,34.0
2026-01-24T01:00,51,26.3,27.7,1070.0,43.2,12.9,29.0
2026-01-24T02:00,52,25.8,27.2,940.0,41.3,11.3,26.0
2026-01-24T03:00,53,25.5,26.8,745.0,39.2,10.1,24.0
2026-01-24T04:00,54,25.3,26.5,709.0,37.9,9.7,22.0
2026-01-24T05:00,55,25.1,26.4,1017.0,38.3,10.5,18.0
2026-01-24T06:00,56,27.5,28.9,1484.0,39.5,12.0,15.0
2026-01-24T07:00,56,46.4,49.6,1778.0,44.1,16.0,21.0
2026-01-24T08:00,59,39.2,41.9,1734.0,38.6,15.3,49.0
2026-01-24T09:00,60,33.1,35.7,1516.0,30.8,14.2,88.0
2026-01-24T10:00,60,28.8,32.0,1284.0,23.9,13.2,122.0
2026-01-24T11:00,63,27.9,31.4,1068.0,18.6,12.2,146.0
2026-01-24T12:00,66,26.1,29.5,838.0,14.2,11.2,165.0
2026-01-24T13:00,69,23.8,26.3,664.0,11.5,10.3,177.0
2026-01-24T14:00,69,21.9,23.9,580.0,10.8,9.4,181.0
2026-01-24T15:00,69,21.7,23.8,552.0,11.7,8.7,178.0
2026-01-24T16:00,67,21.5,24.1,552.0,14.3,8.5,167.0
2026-01-24T17:00,62,22.2,26.5,589.0,19.8,9.3,143.0
2026-01-24T18:00,63,22.6,26.0,654.0,26.9,10.6,112.0
2026-01-24T19:00,63,24.4,27.1,694.0,31.9,11.9,88.0
2026-01-24T20:00,62,20.3,22.6,682.0,30.0,11.5,83.0
2026-01-24T21:00,62,17.5,19.7,644.0,27.5,10.9,75.0
2026-01-24T22:00,61,15.9,17.9,610.0,25.8,10.4,68.0
2026-01-24T23:00,61,15.1,16.9,586.0,25.8,10.1,63.0
2026-01-25T00:00,60,15.0,16.8,566.0,26.6,9.9,59.0
2026-01-25T01:00,60,16.3,18.0,555.0,27.9,10.1,54.0
2026-01-25T02:00,58,18.0,19.8,530.0,29.5,10.8,49.0
2026-01-25T03:00,57,20.0,21.7,515.0,31.4,11.7,43.0
2026-01-25T04:00,56,22.1,23.9,588.0,33.6,12.6,38.0
2026-01-25T05:00,55,30.6,31.9,859.0,37.0,13.3,30.0
2026-01-25T06:00,56,36.1,37.7,1218.0,40.5,14.0,22.0
2026-01-25T07:00,58,35.2,37.7,1410.0,36.7,12.3,27.0
2026-01-25T08:00,56,30.5,32.8,1282.0,31.5,11.6,51.0
2026-01-25T09:00,54,24.7,27.8,987.0,24.2,10.7,84.0
2026-01-25T10:00,53,22.1,25.1,728.0,17.8,9.5,113.0
2026-01-25T11:00,61,19.7,22.4,570.0,13.2,8.0,133.0
2026-01-25T12:00,63,18.5,20.5,448.0,9.5,6.2,149.0
2026-01-25T13:00,65,18.3,19.6,377.0,7.4,5.1,160.0
2026-01-25T14:00,67,19.0,20.3,367.0,6.8,4.7,169.0
2026-01-25T15:00,68,19.4,20.7,407.0,7.9,4.9,172.0
2026-01-25T16:00,67,19.5,20.9,478.0,11.7,5.9,166.0
2026-01-25T17:00,62,21.1,22.5,603.0,21.2,8.3,141.0
2026-01-25T18:00,47,27.4,30.4,758.0,33.5,11.4,105.0
2026-01-25T19:00,48,29.5,31.9,851.0,38.6,12.9,79.0
2026-01-25T20:00,49,23.5,25.4,834.0,35.5,12.4,76.0
2026-01-25T21:00,49,18.7,20.5,754.0,31.2,11.6,72.0
2026-01-25T22:00,49,16.5,18.3,668.0,27.7,10.7,68.0
2026-01-25T23:00,49,14.8,16.5,578.0,25.5,9.5,65.0
2026-01-26T00:00,49,13.0,14.5,481.0,24.0,8.3,63.0
2026-01-26T01:00,49,12.2,13.6,420.0,23.4,7.5,59.0
2026-01-26T02:00,48,12.3,13.8,404.0,23.7,7.3,54.0
2026-01-26T03:00,47,13.8,15.3,424.0,24.8,7.6,48.0
2026-01-26T04:00,46,16.2,17.9,503.0,27.1,8.6,42.0
2026-01-26T05:00,45,18.7,20.5,697.0,32.4,11.2,34.0
2026-01-26T06:00,43,22.4,24.3,950.0,38.8,14.5,27.0
2026-01-26T07:00,41,37.7,41.2,1110.0,42.1,16.4,25.0
2026-01-26T08:00,42,32.9,36.6,1105.0,35.8,15.1,47.0
2026-01-26T09:00,42,29.0,33.5,1008.0,27.0,13.1,78.0
2026-01-26T10:00,44,27.6,32.1,888.0,19.4,11.1,106.0
2026-01-26T11:00,59,25.2,29.2,745.0,14.2,8.9,129.0
2026-01-26T12:00,63,24.9,28.2,579.0,10.2,6.6,149.0
2026-01-26T13:00,66,25.3,27.9,462.0,7.8,4.9,161.0
2026-01-26T14:00,66,25.1,27.2,428.0,7.2,4.1,164.0
2026-01-26T15:00,65,24.1,26.0,443.0,8.3,3.9,159.0
2026-01-26T16:00,63,22.7,24.9,477.0,11.1,4.4,148.0
2026-01-26T17:00,58,20.3,23.2,534.0,17.0,6.1,127.0
2026-01-26T18:00,49,21.5,23.4,609.0,24.7,8.5,100.0
2026-01-26T19:00,48,18.7,20.4,657.0,30.4,10.2,80.0
2026-01-26T20:00,46,14.5,16.1,659.0,28.0,9.7,79.0
2026-01-26T21:00,45,12.1,13.7,633.0,24.7,9.0,77.0
2026-01-26T22:00,44,11.3,12.8,590.0,22.0,8.3,75.0
2026-01-26T23:00,43,10.8,12.3,519.0,20.4,7.5,73.0
2026-01-27T00:00,42,10.0,11.4,430.0,19.5,6.7,71.0
2026-01-27T01:00,42,10.3,11.6,369.0,19.6,6.3,67.0
2026-01-27T02:00,41,11.2,12.6,337.0,20.8,6.6,61.0
2026-01-27T03:00,41,13.0,14.4,333.0,22.9,7.3,55.0
2026-01-27T04:00,41,14.8,16.3,394.0,25.8,8.6,48.0
2026-01-27T05:00,41,16.5,18.2,592.0,30.9,11.1,39.0
2026-01-27T06:00,40,19.3,21.1,855.0,36.8,14.1,29.0
2026-01-27T07:00,40,35.2,38.2,1011.0,43.9,16.9,25.0
2026-01-27T08:00,40,27.6,30.9,964.0,38.4,16.1,42.0
2026-01-27T09:00,39,24.3,27.8,809.0,30.7,14.8,66.0
2026-01-27T10:00,39,22.6,25.7,662.0,23.8,13.5,92.0
2026-01-27T11:00,53,21.1,23.0,552.0,18.3,11.9,120.0
2026-01-27T12:00,64,21.1,22.4,450.0,13.5,10.2,150.0
2026-01-27T13:00,68,22.9,24.0,382.0,10.5,9.0,172.0
2026-01-27T14:00,70,24.0,25.0,361.0,9.3,8.7,185.0
2026-01-27T15:00,71,25.0,26.1,375.0,9.9,8.9,189.0
2026-01-27T16:00,69,25.1,26.2,412.0,12.6,9.4,182.0
2026-01-27T17:00,64,26.3,27.4,493.0,19.5,10.4,153.0
2026-01-27T18:00,48,26.5,29.3,598.0,28.5,11.8,112.0
2026-01-27T19:00,39,26.5,29.0,658.0,33.3,11.8,85.0
2026-01-27T20:00,39,19.8,22.1,632.0,31.1,11.2,81.0
2026-01-27T21:00,40,16.6,18.6,562.0,28.0,10.3,74.0
2026-01-27T22:00,40,14.6,16.4,501.0,25.6,9.5,69.0
2026-01-27T23:00,41,13.0,14.7,468.0,24.3,8.6,66.0
2026-01-28T00:00,41,11.7,13.4,446.0,23.6,7.8,65.0
2026-01-28T01:00,42,11.7,13.4,433.0,23.9,7.4,62.0
2026-01-28T02:00,42,12.7,14.4,402.0,25.3,7.7,56.0
2026-01-28T03:00,42,14.8,16.6,381.0,27.6,8.4,49.0
2026-01-28T04:00,42,17.3,19.3,454.0,30.7,9.8,42.0
2026-01-28T05:00,43,20.4,22.5,729.0,36.2,12.4,31.0
2026-01-28T06:00,43,24.8,27.1,1098.0,42.4,15.6,20.0
2026-01-28T07:00,44,42.6,46.0,1320.0,48.2,18.3,17.0
2026-01-28T08:00,46,31.1,34.3,1261.0,42.5,17.4,37.0
2026-01-28T09:00,46,26.0,29.5,1054.0,34.4,16.2,66.0
2026-01-28T10:00,46,22.8,25.8,858.0,27.0,14.4,92.0
2026-01-28T11:00,48,19.7,22.2,713.0,20.9,11.7,112.0
2026-01-28T12:00,60,18.4,20.7,580.0,15.5,8.6,130.0
2026-01-28T13:00,62,17.8,19.7,494.0,12.1,6.2,140.0
2026-01-28T14:00,62,16.4,18.0,485.0,11.3,5.0,140.0
2026-01-28T15:00,61,15.8,17.8,525.0,12.5,4.6,134.0
2026-01-28T16:00,55,15.7,18.5,560.0,14.9,4.8,123.0
2026-01-28T17:00,45,14.4,16.6,577.0,19.2,6.1,107.0
2026-01-28T18:00,39,17.6,19.6,590.0,24.7,8.1,88.0
2026-01-28T19:00,39,20.9,23.6,591.0,27.0,9.4,75.0
2026-01-28T20:00,38,17.4,19.6,568.0,25.4,9.1,72.0
2026-01-28T21:00,38,14.6,16.8,533.0,23.4,8.7,69.0
2026-01-28T22:00,38,13.4,15.4,511.0,22.2,8.4,64.0
2026-01-28T23:00,38,12.9,14.7,515.0,22.5,8.1,59.0
2026-01-29T00:00,38,12.7,14.3,532.0,23.8,7.9,53.0
2026-01-29T01:00,38,14.1,15.8,555.0,25.8,8.2,47.0
2026-01-29T02:00,38,16.8,18.6,567.0,28.8,9.0,40.0
2026-01-29T03:00,38,20.1,22.1,584.0,32.5,10.3,33.0
2026-01-29T04:00,39,23.6,25.7,646.0,36.0,12.0,26.0
2026-01-29T05:00,39,27.0,29.4,814.0,39.9,14.7,18.0
2026-01-29T06:00,40,31.1,33.8,1027.0,43.6,17.7,10.0
2026-01-29T07:00,40,46.1,50.3,1141.0,44.8,21.8,11.0
2026-01-29T08:00,41,42.6,47.1,1074.0,40.8,21.6,30.0
2026-01-29T09:00,43,38.9,44.4,907.0,35.0,21.2,57.0
2026-01-29T10:00,45,37.0,43.4,744.0,29.1,19.9,83.0
2026-01-29T11:00,48,35.3,41.2,603.0,22.8,16.9,106.0
2026-01-29T12:00,58,31.4,35.2,465.0,16.5,13.0,127.0
2026-01-29T13:00,62,29.0,31.4,375.0,12.4,10.0,140.0
2026-01-29T14:00,62,28.2,30.4,360.0,11.8,8.4,142.0
2026-01-29T15:00,61,27.0,29.1,393.0,13.5,7.7,137.0
2026-01-29T16:00,58,25.2,27.2,437.0,16.6,7.7,127.0
2026-01-29T17:00,60,22.8,25.0,494.0,22.0,8.7,111.0
2026-01-29T18:00,60,25.3,28.2,562.0,28.7,10.3,91.0
2026-01-29T19:00,60,25.3,28.1,602.0,31.9,11.5,81.0
2026-01-29T20:00,61,21.3,23.6,594.0,30.6,11.3,78.0
2026-01-29T21:00,61,18.2,20.3,559.0,28.7,11.0,74.0
2026-01-29T22:00,61,16.5,18.6,516.0,27.0,10.5,71.0
2026-01-29T23:00,61,14.8,16.8,465.0,25.6,9.6,69.0
2026-01-30T00:00,61,12.9,14.8,407.0,24.3,8.5,67.0
2026-01-30T01:00,61,12.0,13.8,367.0,23.6,7.8,64.0
2026-01-30T02:00,61,11.8,13.6,331.0,23.1,7.5,61.0
2026-01-30T03:00,61,12.3,14.0,313.0,23.1,7.5,57.0
2026-01-30T04:00,61,13.4,15.1,385.0,24.7,8.4,53.0
2026-01-30T05:00,60,15.5,17.4,644.0,30.0,10.9,45.0
2026-01-30T06:00,59,19.1,21.1,993.0,36.9,14.3,36.0
2026-01-30T07:00,57,23.0,24.7,1209.0,35.2,13.6,34.0
2026-01-30T08:00,53,18.5,20.5,1173.0,31.1,13.0,50.0
2026-01-30T09:00,49,17.9,20.3,1004.0,25.3,12.0,72.0
2026-01-30T10:00,46,17.5,19.3,835.0,20.3,11.1,94.0
2026-01-30T11:00,49,17.1,18.2,696.0,16.6,10.1,114.0
2026-01-30T12:00,61,18.6,19.7,557.0,13.6,9.0,133.0
2026-01-30T13:00,63,22.0,23.2,465.0,11.9,8.4,149.0
2026-01-30T14:00,66,23.9,25.1,446.0,11.5,8.4,163.0
2026-01-30T15:00,68,24.9,26.1,473.0,12.4,8.8,173.0
2026-01-30T16:00,67,24.9,26.1,517.0,15.0,9.4,171.0
2026-01-30T17:00,63,24.0,25.3,583.0,21.1,10.4,149.0
2026-01-30T18:00,50,27.0,29.0,666.0,28.9,11.6,115.0
2026-01-30T19:00,38,20.9,23.2,715.0,27.3,10.4,87.0
2026-01-30T20:00,37,17.7,19.7,707.0,26.3,10.0,83.0
2026-01-30T21:00,37,15.3,17.3,665.0,24.9,9.4,77.0
2026-01-30T22:00,37,14.0,16.1,610.0,23.7,8.8,72.0
2026-01-30T23:00,37,13.1,14.9,536.0,22.8,8.1,70.0
2026-01-31T00:00,36,11.8,13.5,450.0,22.0,7.3,68.0
2026-01-31T01:00,36,11.6,13.3,385.0,21.8,6.9,66.0
2026-01-31T02:00,36,12.0,13.8,342.0,22.2,6.9,62.0
2026-01-31T03:00,36,13.0,14.8,321.0,23.2,7.2,58.0
2026-01-31T04:00,36,14.0,15.9,361.0,24.6,7.8,53.0
2026-01-31T05:00,36,15.0,16.9,522.0,27.5,9.1,46.0
2026-01-31T06:00,36,16.4,18.3,744.0,31.0,10.8,40.0
2026-01-31T07:00,36,24.4,27.0,887.0,33.9,12.3,39.0
2026-01-31T08:00,36,22.9,25.3,879.0,29.6,11.8,53.0
2026-01-31T09:00,37,22.0,24.3,791.0,23.5,11.1,74.0
2026-01-31T10:00,38,22.3,24.2,696.0,17.9,10.2,96.0
2026-01-31T11:00,55,23.5,25.4,604.0,13.3,8.9,122.0
2026-01-31T12:00,64,27.8,29.9,505.0,9.2,7.5,150.0
2026-01-31T13:00,67,31.4,33.4,440.0,6.6,6.4,170.0
2026-01-31T14:00,69,31.9,33.8,428.0,5.6,5.9,180.0
2026-01-31T15:00,70,31.8,33.5,451.0,6.1,5.7,183.0
2026-01-31T16:00,68,30.6,32.4,496.0,8.9,6.2,176.0
2026-01-31T17:00,64,31.4,33.2,582.0,16.2,7.8,151.0
2026-01-31T18:00,51,29.9,32.0,689.0,25.8,9.9,116.0
2026-01-31T19:00,44,22.7,25.5,746.0,26.1,10.2,96.0
2026-01-31T20:00,44,18.0,20.5,709.0,25.1,9.9,92.0
2026-01-31T21:00,44,15.3,17.6,621.0,23.9,9.4,86.0
2026-01-31T22:00,44,14.3,16.6,545.0,23.3,9.0,79.0
2026-01-31T23:00,45,14.1,16.3,501.0,23.9,8.6,72.0
2026-02-01T00:00,45,13.7,15.9,469.0,25.2,8.2,65.0
2026-02-01T01:00,45,14.2,16.4,447.0,26.8,8.3,58.0
2026-02-01T02:00,45,15.2,17.4,398.0,28.5,8.9,52.0
2026-02-01T03:00,46,16.7,19.1,359.0,30.5,10.0,45.0
2026-02-01T04:00,47,19.4,21.9,443.0,33.0,11.3,39.0
2026-02-01T05:00,47,23.2,26.1,803.0,37.4,13.3,29.0
2026-02-01T06:00,49,28.4,31.8,1286.0,42.4,15.7,19.0
2026-02-01T07:00,51,43.9,48.9,1544.0,42.6,16.4,19.0
2026-02-01T08:00,54,38.0,41.8,1361.0,37.7,15.7,43.0
2026-02-01T09:00,57,30.9,34.9,953.0,30.8,14.7,77.0
2026-02-01T10:00,58,25.7,29.1,626.0,24.2,13.2,107.0
2026-02-01T11:00,59,21.9,25.0,499.0,18.3,10.9,128.0
2026-02-01T12:00,63,18.9,22.1,452.0,12.6,8.1,144.0
2026-02-01T13:00,64,16.6,19.7,428.0,8.7,5.9,154.0
2026-02-01T14:00,65,14.8,17.8,404.0,6.6,4.6,156.0
2026-02-01T15:00,64,13.3,16.2,403.0,6.1,3.8,151.0
2026-02-01T16:00,62,11.8,14.6,436.0,8.3,4.0,141.0
2026-02-01T17:00,54,12.8,15.4,532.0,15.4,5.8,121.0
2026-02-01T18:00,42,19.0,22.2,663.0,25.1,8.6,96.0
2026-02-01T19:00,40,20.0,22.1,750.0,32.7,11.5,79.0
2026-02-01T20:00,40,17.6,19.9,759.0,30.9,11.2,76.0
2026-02-01T21:00,40,16.6,18.7,724.0,28.4,10.8,72.0
2026-02-01T22:00,40,16.4,18.5,677.0,27.1,10.5,67.0
2026-02-01T23:00,41,16.4,18.6,608.0,27.7,10.4,60.0
2026-02-02T00:00,41,16.6,18.9,527.0,29.4,10.4,53.0
2026-02-02T01:00,41,18.7,20.9,488.0,31.4,10.5,45.0
2026-02-02T02:00,42,21.6,23.9,487.0,33.7,10.4,37.0
2026-02-02T03:00,43,25.6,28.1,529.0,36.3,10.5,28.0
2026-02-02T04:00,45,28.8,30.9,682.0,38.6,11.1,22.0
2026-02-02T05:00,46,30.0,32.0,1089.0,41.1,13.2,16.0
2026-02-02T06:00,47,31.7,33.8,1608.0,43.2,16.0,13.0
2026-02-02T07:00,48,38.2,41.4,1880.0,39.6,15.2,21.0
2026-02-02T08:00,47,33.8,36.6,1681.0,34.1,14.1,48.0
2026-02-02T09:00,46,26.0,28.4,1236.0,26.3,12.5,86.0
2026-02-02T10:00,51,21.7,23.7,861.0,19.2,10.6,116.0
2026-02-02T11:00,60,17.9,19.7,675.0,13.6,8.2,131.0
2026-02-02T12:00,61,13.7,15.4,560.0,8.8,5.5,137.0
2026-02-02T13:00,62,10.6,12.2,474.0,5.6,3.5,139.0
2026-02-02T14:00,61,8.5,10.0,396.0,4.1,2.5,136.0
2026-02-02T15:00,59,7.2,8.3,349.0,4.2,2.2,128.0
2026-02-02T16:00,52,6.8,7.9,357.0,6.7,2.8,118.0
2026-02-02T17:00,43,9.8,11.4,462.0,13.4,4.8,105.0
2026-02-02T18:00,39,17.8,19.8,623.0,22.4,7.7,90.0
2026-02-02T19:00,39,21.9,24.6,744.0,30.7,10.6,82.0
2026-02-02T20:00,39,19.7,22.4,771.0,29.1,10.6,77.0
2026-02-02T21:00,40,17.6,19.9,759.0,27.1,10.6,69.0
2026-02-02T22:00,40,17.3,19.4,773.0,26.7,10.7,60.0
2026-02-02T23:00,40,20.1,21.9,866.0,29.4,10.9,49.0
2026-02-03T00:00,40,22.7,24.4,984.0,33.6,11.3,38.0
2026-02-03T01:00,41,22.5,24.2,1037.0,37.2,11.7,28.0
2026-02-03T02:00,42,22.4,23.9,935.0,38.9,12.0,22.0
2026-02-03T03:00,42,22.8,24.3,767.0,39.9,12.4,18.0
2026-02-03T04:00,42,23.9,25.3,707.0,41.2,13.7,15.0
2026-02-03T05:00,41,25.7,27.1,899.0,43.5,16.7,12.0
2026-02-03T06:00,40,28.9,30.3,1199.0,46.2,20.6,11.0
2026-02-03T07:00,40,39.8,42.0,1351.0,45.1,23.7,18.0
2026-02-03T08:00,40,31.7,34.0,1204.0,42.8,22.8,32.0
2026-02-03T09:00,40,28.3,31.2,908.0,39.3,21.5,52.0
2026-02-03T10:00,40,25.3,28.5,656.0,34.7,19.2,71.0
2026-02-03T11:00,40,21.0,24.1,516.0,27.8,15.2,89.0
2026-02-03T12:00,45,17.9,21.0,419.0,19.7,10.3,107.0
2026-02-03T13:00,52,14.6,17.3,356.0,13.7,6.5,118.0
2026-02-03T14:00,55,12.5,14.9,317.0,10.1,4.4,122.0
2026-02-03T15:00,53,11.3,13.3,311.0,8.6,3.3,119.0
2026-02-03T16:00,47,10.9,12.8,356.0,11.3,3.5,110.0
2026-02-03T17:00,44,12.7,15.0,485.0,21.8,5.7,91.0
2026-02-03T18:00,45,20.7,22.9,665.0,36.6,9.1,65.0
2026-02-03T19:00,45,33.2,36.3,817.0,48.2,13.6,42.0
2026-02-03T20:00,47,38.2,41.1,904.0,49.4,14.7,37.0
2026-02-03T21:00,50,39.1,41.7,964.0,50.9,16.1,30.0
2026-02-03T22:00,54,37.3,39.5,1027.0,51.2,16.2,25.0
2026-02-03T23:00,57,32.0,33.9,1121.0,48.8,13.7,23.0
2026-02-04T00:00,59,27.3,28.9,1219.0,45.1,9.9,23.0
2026-02-04T01:00,60,26.4,28.0,1270.0,42.7,7.0,23.0
2026-02-04T02:00,60,26.3,27.8,1234.0,42.6,5.8,22.0
2026-02-04T03:00,60,23.6,25.0,1151.0,43.8,5.6,21.0
2026-02-04T04:00,60,19.4,20.6,1085.0,45.5,6.6,19.0
2026-02-04T05:00,60,17.9,19.1,1067.0,48.1,9.3,15.0
2026-02-04T06:00,59,18.5,19.7,1066.0,51.2,13.2,11.0
2026-02-04T07:00,58,36.9,38.0,1057.0,45.2,12.9,19.0
2026-02-04T08:00,57,18.2,19.2,1040.0,40.4,12.5,37.0
2026-02-04T09:00,55,15.2,16.4,1015.0,33.7,12.0,63.0
2026-02-04T10:00,53,15.4,16.5,961.0,28.3,11.8,88.0
2026-02-04T11:00,51,16.5,17.5,851.0,25.4,12.2,109.0
2026-02-04T12:00,59,17.0,17.8,711.0,23.8,12.8,129.0
2026-02-04T13:00,62,16.9,17.2,602.0,22.8,13.0,143.0
2026-02-04T14:00,63,17.9,18.3,540.0,21.7,12.2,149.0
2026-02-04T15:00,63,17.5,18.0,508.0,21.2,11.0,149.0
2026-02-04T16:00,62,21.9,22.6,515.0,22.6,10.4,142.0
2026-02-04T17:00,55,19.4,20.3,589.0,27.8,11.1,123.0
2026-02-04T18:00,55,22.4,24.6,702.0,34.8,12.4,98.0
2026-02-04T19:00,56,29.9,32.7,778.0,35.0,12.8,78.0
2026-02-04T20:00,55,26.3,28.6,785.0,33.0,12.5,75.0
2026-02-04T21:00,53,22.2,24.3,754.0,30.3,12.0,71.0
2026-02-04T22:00,50,19.5,21.7,706.0,28.2,11.4,67.0
2026-02-04T23:00,47,17.1,19.0,632.0,27.2,10.6,64.0
2026-02-05T00:00,45,15.0,16.8,540.0,27.0,9.6,60.0
2026-02-05T01:00,43,14.2,15.9,477.0,27.3,9.1,56.0
2026-02-05T02:00,41,14.6,16.3,445.0,28.3,9.2,51.0
2026-02-05T03:00,39,15.7,17.5,442.0,30.0,9.8,45.0
2026-02-05T04:00,39,17.6,19.5,511.0,32.2,10.8,39.0
2026-02-05T05:00,39,20.3,22.4,723.0,35.9,12.5,32.0
2026-02-05T06:00,39,23.4,25.6,1008.0,40.2,14.6,25.0
2026-02-05T07:00,39,34.9,38.3,1198.0,42.7,15.8,23.0
2026-02-05T08:00,39,28.9,32.9,1222.0,38.5,15.6,39.0
2026-02-05T09:00,40,30.0,35.0,1151.0,32.6,15.4,62.0
2026-02-05T10:00,42,31.5,36.8,1034.0,26.9,15.2,89.0
2026-02-05T11:00,55,32.0,35.3,847.0,21.5,15.3,122.0
2026-02-05T12:00,65,37.6,39.5,613.0,16.4,15.5,159.0
2026-02-05T13:00,70,38.5,40.3,454.0,13.5,15.4,183.0
2026-02-05T14:00,70,41.4,43.2,436.0,14.2,14.6,187.0
2026-02-05T15:00,69,39.1,41.0,492.0,17.1,13.3,179.0
2026-02-05T16:00,66,35.4,37.0,547.0,20.2,12.3,164.0
2026-02-05T17:00,62,27.1,30.7,578.0,23.5,11.6,140.0
2026-02-05T18:00,61,23.6,26.0,607.0,27.1,11.1,110.0
2026-02-05T19:00,61,19.2,21.2,621.0,27.2,9.2,85.0
2026-02-05T20:00,61,17.5,19.6,614.0,27.2,9.4,80.0
2026-02-05T21:00,61,16.4,18.7,591.0,27.1,9.7,72.0
2026-02-05T22:00,60,16.3,18.6,556.0,26.9,9.8,66.0
2026-02-05T23:00,60,15.7,17.9,500.0,26.4,9.4,63.0
2026-02-06T00:00,60,14.4,16.6,432.0,25.8,8.7,60.0
2026-02-06T01:00,60,13.6,15.8,383.0,25.5,8.2,58.0
2026-02-06T02:00,60,13.4,15.5,358.0,25.5,8.1,55.0
2026-02-06T03:00,60,13.5,15.8,352.0,25.7,8.2,52.0
2026-02-06T04:00,60,13.9,16.2,378.0,26.5,8.7,49.0
2026-02-06T05:00,60,14.5,16.8,464.0,28.7,9.8,45.0
2026-02-06T06:00,59,15.7,18.1,581.0,31.3,11.3,41.0
2026-02-06T07:00,57,19.7,22.7,659.0,34.3,12.1,37.0
2026-02-06T08:00,55,18.6,22.1,655.0,30.1,11.3,49.0
2026-02-06T09:00,53,18.8,22.7,610.0,24.3,10.1,67.0
2026-02-06T10:00,51,20.8,25.2,581.0,19.3,9.2,86.0
2026-02-06T11:00,49,22.8,25.6,600.0,16.0,8.7,107.0
2026-02-06T12:00,60,24.5,26.7,634.0,13.7,8.3,130.0
2026-02-06T13:00,63,25.3,27.3,639.0,12.3,8.1,146.0
2026-02-06T14:00,64,25.3,28.0,576.0,11.9,7.8,152.0
2026-02-06T15:00,64,24.6,28.1,485.0,12.5,7.7,151.0
2026-02-06T16:00,63,26.8,30.7,436.0,14.2,7.8,144.0
2026-02-06T17:00,58,21.5,24.6,480.0,17.8,8.4,127.0
2026-02-06T18:00,41,19.4,21.9,568.0,22.4,9.4,102.0
2026-02-06T19:00,38,22.3,25.6,618.0,27.1,10.2,81.0
2026-02-06T20:00,38,18.5,21.7,593.0,27.2,10.4,75.0
2026-02-06T21:00,38,17.2,20.7,530.0,27.2,10.7,67.0
2026-02-06T22:00,38,17.1,20.4,468.0,27.0,10.7,61.0
2026-02-06T23:00,38,16.5,19.7,414.0,26.1,10.1,59.0
2026-02-07T00:00,38,14.8,17.8,359.0,25.0,9.2,60.0
2026-02-07T01:00,38,13.8,16.7,319.0,24.3,8.5,59.0
2026-02-07T02:00,38,13.4,16.2,293.0,24.3,8.3,56.0
2026-02-07T03:00,38,13.5,16.2,280.0,24.7,8.4,53.0
2026-02-07T04:00,38,13.6,16.4,295.0,25.7,8.7,50.0
2026-02-07T05:00,38,13.6,16.5,362.0,28.0,9.6,46.0
2026-02-07T06:00,38,16.8,20.1,456.0,30.9,10.8,42.0
2026-02-07T07:00,38,15.3,17.9,519.0,31.4,10.8,43.0
2026-02-07T08:00,38,15.0,17.7,517.0,27.9,10.0,50.0
2026-02-07T09:00,38,14.8,17.7,483.0,23.0,9.0,62.0
2026-02-07T10:00,37,16.3,19.8,460.0,19.1,8.1,75.0
2026-02-07T11:00,37,18.2,20.1,464.0,17.2,7.5,93.0
2026-02-07T12:00,49,24.7,26.2,479.0,16.3,7.2,113.0
2026-02-07T13:00,59,27.6,29.2,498.0,16.2,7.0,129.0
2026-02-07T14:00,62,29.2,30.9,524.0,16.6,7.1,139.0
2026-02-07T15:00,63,29.7,31.2,554.0,17.6,7.4,145.0
2026-02-07T16:00,62,29.3,30.9,575.0,19.7,7.9,143.0
2026-02-07T17:00,58,27.4,28.9,586.0,24.1,9.0,127.0
2026-02-07T18:00,42,26.8,28.1,588.0,29.4,10.4,103.0
2026-02-07T19:00,39,32.1,35.4,576.0,34.9,12.0,84.0
2026-02-07T20:00,40,22.8,25.4,545.0,30.6,10.8,84.0
2026-02-07T21:00,40,16.5,18.8,499.0,24.8,9.2,83.0
2026-02-07T22:00,40,13.0,15.3,452.0,20.2,7.8,82.0
2026-02-07T23:00,40,11.1,13.2,401.0,18.1,6.7,79.0
2026-02-08T00:00,39,10.1,12.1,348.0,17.4,5.8,76.0
2026-02-08T01:00,39,9.8,11.8,310.0,17.4,5.4,72.0
2026-02-08T02:00,38,9.9,11.9,290.0,18.0,5.5,67.0
2026-02-08T03:00,38,10.6,12.6,286.0,19.3,5.9,62.0
2026-02-08T04:00,38,11.8,13.9,308.0,21.4,6.9,56.0
2026-02-08T05:00,38,13.5,15.6,379.0,25.4,8.9,48.0
2026-02-08T06:00,38,15.8,18.0,476.0,30.3,11.4,39.0
2026-02-08T07:00,38,21.1,24.6,546.0,30.7,11.4,42.0
2026-02-08T08:00,38,19.7,23.8,567.0,27.5,10.3,54.0
2026-02-08T09:00,38,19.6,22.2,560.0,23.0,8.9,72.0
2026-02-08T10:00,39,22.6,24.3,542.0,18.6,7.6,92.0
2026-02-08T11:00,51,24.4,26.1,507.0,14.5,6.8,117.0
2026-02-08T12:00,63,23.7,25.2,460.0,10.6,6.3,144.0
2026-02-08T13:00,66,22.8,24.2,430.0,8.2,5.8,161.0
2026-02-08T14:00,66,21.1,22.5,427.0,7.8,5.2,163.0
2026-02-08T15:00,65,18.9,20.3,441.0,8.9,4.7,155.0
2026-02-08T16:00,62,16.2,17.9,474.0,11.2,4.8,142.0
2026-02-08T17:00,55,14.5,16.9,541.0,15.6,6.0,123.0
2026-02-08T18:00,40,15.2,17.1,627.0,21.2,7.8,100.0
2026-02-08T19:00,35,19.2,21.5,688.0,22.4,8.0,87.0
2026-02-08T20:00,34,17.6,19.7,682.0,23.7,8.8,80.0
2026-02-08T21:00,33,18.3,20.1,651.0,25.6,10.0,71.0
2026-02-08T22:00,33,21.5,23.3,678.0,27.9,11.0,61.0
2026-02-08T23:00,34,25.9,27.8,834.0,31.1,11.8,52.0
2026-02-09T00:00,35,28.4,30.4,1048.0,34.8,12.4,42.0
2026-02-09T01:00,37,28.2,30.3,1191.0,37.0,12.5,35.0
2026-02-09T02:00,38,25.5,27.5,1180.0,36.3,11.2,31.0
2026-02-09T03:00,40,24.9,26.7,1099.0,34.2,9.4,30.0
2026-02-09T04:00,42,26.0,27.7,1063.0,33.5,9.3,29.0
2026-02-09T05:00,44,28.4,30.2,1146.0,36.5,12.7,25.0
2026-02-09T06:00,47,31.8,33.6,1274.0,41.0,17.9,20.0
2026-02-09T07:00,49,48.0,50.3,1350.0,46.3,19.0,22.0
2026-02-09T08:00,54,35.6,38.3,1324.0,41.4,17.5,41.0
2026-02-09T09:00,56,27.0,29.8,1245.0,34.6,15.5,69.0
2026-02-09T10:00,58,21.8,24.8,1158.0,28.3,13.6,95.0
2026-02-09T11:00,57,19.6,22.3,1071.0,23.3,12.2,118.0
2026-02-09T12:00,62,18.5,20.9,977.0,18.9,11.0,140.0
2026-02-09T13:00,65,17.6,19.2,900.0,15.5,10.2,158.0
2026-02-09T14:00,68,17.6,18.5,847.0,12.8,9.6,174.0
2026-02-09T15:00,70,17.9,18.8,812.0,11.1,9.4,186.0
2026-02-09T16:00,70,18.3,19.3,795.0,12.4,9.7,186.0
2026-02-09T17:00,66,19.9,21.1,810.0,19.3,11.0,165.0
2026-02-09T18:00,60,26.5,28.9,843.0,29.0,12.7,132.0
2026-02-09T19:00,57,33.3,36.3,861.0,38.3,15.8,106.0
2026-02-09T20:00,60,27.9,30.2,843.0,34.9,14.7,96.0
2026-02-09T21:00,60,24.7,26.8,809.0,30.4,13.3,83.0
2026-02-09T22:00,60,24.0,26.0,784.0,28.1,12.4,70.0
2026-02-09T23:00,61,25.6,27.5,770.0,30.0,12.7,59.0
2026-02-10T00:00,61,27.4,29.6,766.0,34.1,13.7,50.0
2026-02-10T01:00,61,29.8,32.2,787.0,38.1,14.5,41.0
2026-02-10T02:00,61,32.5,35.0,855.0,41.1,14.6,33.0
2026-02-10T03:00,61,34.2,36.9,949.0,43.9,14.7,26.0
2026-02-10T04:00,61,36.0,38.6,1022.0,46.4,15.4,21.0
2026-02-10T05:00,61,37.3,39.9,1058.0,49.0,17.4,15.0
2026-02-10T06:00,62,39.3,42.1,1073.0,51.2,20.1,12.0
2026-02-10T07:00,62,58.7,62.9,1068.0,52.8,24.9,16.0
2026-02-10T08:00,62,53.9,58.2,1037.0,48.6,26.7,42.0
2026-02-10T09:00,63,50.1,55.4,986.0,42.6,29.0,79.0
2026-02-10T10:00,64,44.4,49.7,928.0,36.1,29.8,116.0
2026-02-10T11:00,64,40.6,43.9,864.0,28.6,27.8,153.0
2026-02-10T12:00,71,40.3,42.3,794.0,20.7,24.2,191.0
2026-02-10T13:00,75,39.6,41.4,730.0,15.3,20.8,214.0
2026-02-10T14:00,76,36.0,37.7,669.0,14.0,18.0,217.0
2026-02-10T15:00,74,34.3,36.1,614.0,15.2,15.3,207.0
2026-02-10T16:00,70,29.9,31.5,591.0,17.3,13.1,187.0
2026-02-10T17:00,68,24.1,25.6,631.0,20.4,11.5,154.0
2026-02-10T18:00,68,22.9,24.8,703.0,24.4,10.4,113.0
2026-02-10T19:00,68,21.2,22.6,742.0,28.9,11.2,82.0
2026-02-10T20:00,68,17.9,19.0,721.0,26.8,10.4,75.0
2026-02-10T21:00,67,14.2,15.1,666.0,23.8,9.2,64.0
2026-02-10T22:00,67,11.6,12.3,598.0,20.9,8.0,57.0
2026-02-10T23:00,67,9.2,9.6,510.0,18.0,6.7,55.0
2026-02-11T00:00,66,6.8,7.0,407.0,15.1,5.4,57.0
2026-02-11T01:00,65,5.3,5.5,326.0,13.2,4.5,57.0
2026-02-11T02:00,65,4.8,4.9,263.0,12.6,4.1,56.0
2026-02-11T03:00,64,5.0,5.3,221.0,13.0,4.0,54.0
2026-02-11T04:00,63,5.9,6.2,243.0,14.8,4.6,51.0
2026-02-11T05:00,62,7.7,8.1,387.0,19.7,6.4,42.0
2026-02-11T06:00,61,10.2,10.7,595.0,25.9,8.7,32.0
2026-02-11T07:00,59,15.9,16.9,733.0,28.4,9.5,30.0
2026-02-11T08:00,52,15.0,16.2,737.0,23.9,8.6,46.0
2026-02-11T09:00,45,14.1,15.7,672.0,17.7,7.4,69.0
2026-02-11T10:00,40,12.0,13.5,597.0,12.5,6.2,88.0
2026-02-11T11:00,40,10.0,11.1,515.0,9.3,5.1,100.0
2026-02-11T12:00,45,9.5,10.4,424.0,7.3,4.1,108.0
2026-02-11T13:00,49,9.2,10.0,378.0,6.4,3.5,113.0
2026-02-11T14:00,52,12.7,14.5,395.0,6.4,3.5,118.0
2026-02-11T15:00,54,12.5,14.2,457.0,7.7,3.9,121.0
2026-02-11T16:00,51,13.2,15.1,561.0,11.2,4.8,116.0
2026-02-11T17:00,40,14.0,15.9,727.0,18.3,6.2,99.0
2026-02-11T18:00,30,14.9,16.4,935.0,27.7,8.0,75.0
2026-02-11T19:00,23,23.8,24.9,1120.0,42.9,11.8,41.0
2026-02-11T20:00,23,26.4,27.4,1301.0,44.2,12.4,36.0
2026-02-11T21:00,24,28.2,29.3,1458.0,46.0,13.1,29.0
2026-02-11T22:00,25,29.6,30.9,1471.0,47.2,13.6,24.0
2026-02-11T23:00,26,29.1,30.5,1223.0,47.2,13.5,21.0
2026-02-12T00:00,28,28.8,30.2,830.0,46.5,13.2,20.0
2026-02-12T01:00,30,29.6,31.1,522.0,45.7,13.0,19.0
2026-02-12T02:00,32,29.4,31.1,374.0,44.8,12.9,18.0
2026-02-12T03:00,34,27.5,29.2,311.0,43.8,12.9,18.0
2026-02-12T04:00,36,25.6,27.4,340.0,42.9,13.2,18.0
2026-02-12T05:00,37,24.5,26.2,522.0,42.9,14.2,16.0
2026-02-12T06:00,39,25.1,26.9,796.0,43.1,15.6,14.0
2026-02-12T07:00,40,36.0,37.5,989.0,43.9,15.1,18.0
2026-02-12T08:00,43,25.0,26.8,1021.0,39.1,14.3,36.0
2026-02-12T09:00,45,20.4,22.8,971.0,32.3,13.2,62.0
2026-02-12T10:00,46,21.8,23.9,902.0,26.7,12.0,85.0
2026-02-12T11:00,48,23.1,23.9,814.0,23.4,10.6,104.0
2026-02-12T12:00,53,25.1,25.9,707.0,21.3,9.1,120.0
2026-02-12T13:00,60,27.8,28.7,648.0,19.9,8.1,132.0
2026-02-12T14:00,62,28.9,29.8,674.0,18.8,8.1,141.0
2026-02-12T15:00,63,27.6,28.6,747.0,18.4,8.7,146.0
2026-02-12T16:00,62,24.2,25.3,822.0,19.4,9.3,142.0
2026-02-12T17:00,61,22.6,23.5,901.0,22.7,9.8,122.0
2026-02-12T18:00,61,20.1,21.9,981.0,27.4,10.4,92.0
2026-02-12T19:00,61,31.2,34.0,1006.0,39.6,12.8,66.0
2026-02-12T20:00,61,33.1,36.0,937.0,41.6,13.6,57.0
2026-02-12T21:00,61,34.0,36.9,813.0,44.1,14.7,46.0
2026-02-12T22:00,62,30.6,33.2,700.0,44.5,14.9,38.0
2026-02-12T23:00,62,25.0,27.4,615.0,40.6,13.5,39.0
2026-02-13T00:00,62,20.3,22.6,541.0,34.6,11.3,44.0
2026-02-13T01:00,61,18.2,20.4,491.0,30.2,9.7,47.0
2026-02-13T02:00,61,17.7,19.8,449.0,28.9,9.3,44.0
2026-02-13T03:00,61,18.3,20.4,432.0,29.1,9.5,39.0
2026-02-13T04:00,60,20.1,22.2,502.0,30.1,10.2,35.0
2026-02-13T05:00,60,23.4,25.6,761.0,32.8,11.9,28.0
2026-02-13T06:00,60,26.0,28.4,1108.0,36.2,14.1,22.0
2026-02-13T07:00,60,39.8,44.0,1301.0,45.5,20.2,25.0
2026-02-13T08:00,60,37.8,42.1,1195.0,39.9,19.1,51.0
2026-02-13T09:00,61,35.5,38.8,936.0,32.0,17.5,88.0
2026-02-13T10:00,61,32.6,34.2,721.0,24.7,15.5,120.0
2026-02-13T11:00,62,31.8,33.3,630.0,18.5,12.6,143.0
2026-02-13T12:00,66,28.8,30.2,584.0,12.8,9.2,161.0
2026-02-13T13:00,67,23.9,25.2,542.0,9.1,6.7,169.0
2026-02-13T14:00,66,19.3,20.8,471.0,7.9,5.4,163.0
2026-02-13T15:00,63,17.5,20.1,405.0,8.6,4.9,148.0
2026-02-13T16:00,61,16.0,18.9,403.0,11.3,5.2,131.0
2026-02-13T17:00,61,15.7,18.3,536.0,17.4,6.8,113.0
2026-02-13T18:00,61,17.7,20.0,732.0,25.5,9.1,94.0
2026-02-13T19:00,60,22.6,25.3,838.0,33.6,11.5,77.0
2026-02-13T20:00,60,22.1,25.0,758.0,32.1,11.5,75.0
2026-02-13T21:00,59,20.7,23.7,587.0,30.0,11.4,73.0
2026-02-13T22:00,57,18.8,21.7,453.0,28.1,11.1,70.0
2026-02-13T23:00,55,17.0,19.7,410.0,26.5,10.2,68.0
2026-02-14T00:00,54,15.8,18.3,405.0,25.1,9.0,66.0
2026-02-14T01:00,53,16.1,18.6,401.0,24.7,8.4,63.0
2026-02-14T02:00,52,17.2,19.8,359.0,25.8,8.8,57.0
2026-02-14T03:00,52,18.7,21.5,318.0,27.9,9.8,49.0
2026-02-14T04:00,52,20.6,23.4,366.0,30.1,10.9,43.0
2026-02-14T05:00,53,22.8,25.7,603.0,32.9,12.0,36.0
2026-02-14T06:00,52,24.1,27.2,929.0,35.8,13.3,29.0
2026-02-14T07:00,52,32.7,36.0,1129.0,37.1,13.8,25.0
2026-02-14T08:00,51,28.1,32.2,1090.0,32.2,13.8,49.0
2026-02-14T09:00,49,27.9,32.8,926.0,25.2,13.7,83.0
2026-02-14T10:00,51,27.2,31.1,765.0,19.1,13.2,117.0
2026-02-14T11:00,64,28.1,29.7,640.0,14.6,12.1,151.0
2026-02-14T12:00,70,30.4,31.9,517.0,10.9,10.5,184.0
2026-02-14T13:00,73,29.8,31.3,427.0,8.7,9.2,204.0
2026-02-14T14:00,73,27.6,29.1,366.0,7.9,8.0,204.0
2026-02-14T15:00,71,24.4,25.8,337.0,8.6,7.0,192.0
2026-02-14T16:00,68,21.5,23.6,382.0,11.6,6.8,172.0
2026-02-14T17:00,62,21.4,24.6,572.0,19.0,8.0,142.0
2026-02-14T18:00,52,22.3,24.7,835.0,28.6,10.0,106.0
2026-02-14T19:00,53,28.1,30.7,995.0,34.3,11.1,80.0
2026-02-14T20:00,54,24.2,26.5,951.0,32.6,11.0,75.0
2026-02-14T21:00,54,20.5,22.7,804.0,30.3,10.9,67.0
2026-02-14T22:00,54,19.3,21.5,684.0,29.2,11.0,59.0
2026-02-14T23:00,54,20.0,22.2,646.0,30.5,11.5,52.0
2026-02-15T00:00,55,21.4,23.7,636.0,33.0,12.1,45.0
2026-02-15T01:00,56,23.7,26.2,620.0,35.3,12.6,39.0
2026-02-15T02:00,57,24.7,27.1,552.0,36.7,12.6,34.0
2026-02-15T03:00,58,22.8,25.0,478.0,37.7,12.3,29.0
2026-02-15T04:00,59,23.1,25.3,507.0,38.9,12.6,25.0
2026-02-15T05:00,59,24.4,26.9,760.0,41.0,13.7,19.0
2026-02-15T06:00,60,26.9,29.4,1115.0,43.1,15.4,15.0
2026-02-15T07:00,60,31.3,35.2,1314.0,47.1,15.6,24.0
2026-02-15T08:00,60,27.8,31.9,1205.0,41.1,15.9,44.0
2026-02-15T09:00,60,29.0,34.2,941.0,32.6,16.3,72.0
2026-02-15T10:00,60,32.9,38.1,721.0,24.9,16.0,101.0
2026-02-15T11:00,61,37.0,39.5,628.0,18.7,14.7,134.0
2026-02-15T12:00,67,39.9,42.5,580.0,13.3,12.9,169.0
2026-02-15T13:00,71,38.5,41.0,530.0,9.4,10.9,189.0
2026-02-15T14:00,70,34.1,36.3,443.0,7.1,8.6,187.0
2026-02-15T15:00,67,27.1,29.1,353.0,6.4,6.2,170.0
2026-02-15T16:00,63,21.2,23.5,318.0,8.3,5.0,148.0
2026-02-15T17:00,61,18.6,21.6,391.0,15.1,6.1,119.0
2026-02-15T18:00,61,20.3,22.4,518.0,24.5,8.4,84.0
2026-02-15T19:00,61,17.6,18.9,599.0,27.2,9.1,64.0
2026-02-15T20:00,61,15.7,16.9,586.0,26.3,9.1,59.0
2026-02-15T21:00,61,13.9,15.0,526.0,24.9,8.9,52.0
2026-02-15T22:00,60,12.4,13.3,462.0,23.4,8.6,46.0
2026-02-15T23:00,60,11.0,11.9,400.0,21.6,7.8,43.0
2026-02-16T00:00,59,9.6,10.4,333.0,19.7,6.7,42.0
2026-02-16T01:00,57,9.2,10.0,280.0,18.3,5.9,41.0
2026-02-16T02:00,55,9.1,9.8,237.0,17.6,5.5,40.0
2026-02-16T03:00,52,9.1,9.9,208.0,17.4,5.3,39.0
2026-02-16T04:00,50,9.5,10.3,230.0,17.7,5.5,37.0
2026-02-16T05:00,48,10.0,10.9,349.0,19.3,6.2,32.0
2026-02-16T06:00,45,11.2,12.0,519.0,21.5,7.2,27.0
2026-02-16T07:00,43,20.3,22.0,631.0,21.9,7.8,29.0
2026-02-16T08:00,41,20.0,21.2,634.0,20.0,8.0,43.0
2026-02-16T09:00,40,19.4,21.0,580.0,17.2,8.1,63.0
2026-02-16T10:00,39,19.2,20.8,513.0,14.3,7.8,80.0
2026-02-16T11:00,38,17.7,19.5,434.0,11.1,6.5,93.0
2026-02-16T12:00,43,15.5,17.5,342.0,7.8,4.8,104.0
2026-02-16T13:00,47,12.9,15.0,278.0,5.7,3.5,110.0
2026-02-16T14:00,47,11.5,13.4,255.0,4.8,2.9,111.0
2026-02-16T15:00,46,11.0,12.9,259.0,5.1,2.8,109.0
2026-02-16T16:00,41,10.9,12.8,293.0,7.3,3.4,102.0
2026-02-16T17:00,36,11.7,13.4,384.0,13.6,5.2,89.0
2026-02-16T18:00,29,15.9,17.3,504.0,21.8,7.7,72.0
2026-02-16T19:00,27,15.0,16.2,572.0,25.6,8.3,59.0
2026-02-16T20:00,27,13.1,14.3,543.0,23.4,7.9,56.0
2026-02-16T21:00,27,11.7,12.8,462.0,20.3,7.4,52.0
2026-02-16T22:00,26,11.0,12.1,383.0,17.7,6.8,49.0
2026-02-16T23:00,26,10.4,11.4,320.0,15.9,6.0,47.0
2026-02-17T00:00,26,9.3,10.2,259.0,14.5,5.1,46.0
2026-02-17T01:00,26,9.1,10.1,217.0,13.6,4.5,45.0
2026-02-17T02:00,26,9.3,10.3,188.0,13.2,4.3,44.0
2026-02-17T03:00,26,9.5,10.7,177.0,13.4,4.3,42.0
2026-02-17T04:00,26,9.7,10.9,217.0,14.2,4.7,40.0
2026-02-17T05:00,26,10.2,11.4,361.0,16.4,5.6,35.0
2026-02-17T06:00,26,11.7,13.0,555.0,19.3,6.8,29.0
2026-02-17T07:00,26,16.8,18.4,671.0,20.5,8.4,33.0
2026-02-17T08:00,26,16.5,18.6,638.0,17.9,8.0,43.0
2026-02-17T09:00,26,15.5,18.4,527.0,14.3,7.3,58.0
2026-02-17T10:00,29,15.2,18.7,424.0,11.1,6.6,73.0
2026-02-17T11:00,36,15.0,18.4,353.0,8.6,5.7,91.0
2026-02-17T12:00,47,14.6,17.6,290.0,6.5,4.8,110.0
2026-02-17T13:00,55,13.9,16.8,250.0,5.2,4.1,122.0
2026-02-17T14:00,57,13.2,15.9,239.0,4.3,3.6,125.0
2026-02-17T15:00,55,12.6,15.0,252.0,4.2,3.3,122.0
2026-02-17T16:00,49,12.1,14.3,288.0,6.2,3.6,113.0
2026-02-17T17:00,38,12.5,14.1,366.0,12.5,5.2,96.0
2026-02-17T18:00,29,16.2,17.7,468.0,20.9,7.4,73.0
2026-02-17T19:00,25,16.3,17.4,533.0,27.0,8.7,53.0
2026-02-17T20:00,25,15.8,16.9,534.0,25.5,8.6,51.0
2026-02-17T21:00,26,14.8,15.9,499.0,23.3,8.5,48.0
2026-02-17T22:00,26,13.9,14.8,452.0,21.6,8.3,45.0
2026-02-17T23:00,26,12.9,13.6,391.0,20.4,7.8,42.0
2026-02-18T00:00,26,12.2,12.9,319.0,19.7,7.1,40.0
2026-02-18T01:00,27,12.7,13.5,270.0,19.6,6.6,36.0
2026-02-18T02:00,27,13.8,14.6,240.0,20.5,6.4,30.0
2026-02-18T03:00,27,14.6,15.3,234.0,22.2,6.3,24.0
2026-02-18T04:00,28,15.8,16.5,297.0,24.0,6.7,20.0
2026-02-18T05:00,28,17.9,18.7,507.0,26.5,8.0,17.0
2026-02-18T06:00,29,21.1,22.1,786.0,29.2,9.8,17.0
2026-02-18T07:00,30,35.3,37.6,949.0,27.7,10.1,21.0
2026-02-18T08:00,31,32.5,34.7,892.0,24.2,9.7,40.0
2026-02-18T09:00,33,27.9,31.4,720.0,19.3,9.0,66.0
2026-02-18T10:00,35,24.6,28.3,558.0,15.0,8.1,88.0
2026-02-18T11:00,41,21.1,24.7,440.0,11.7,6.6,101.0
2026-02-18T12:00,47,18.3,21.5,334.0,9.0,4.9,110.0
2026-02-18T13:00,50,16.1,19.0,264.0,7.2,3.6,115.0
2026-02-18T14:00,52,14.5,17.2,238.0,5.6,2.9,118.0
2026-02-18T15:00,52,13.6,16.1,250.0,4.8,2.7,118.0
2026-02-18T16:00,48,13.5,15.8,306.0,7.3,3.5,112.0
2026-02-18T17:00,38,14.4,16.5,449.0,16.2,6.1,95.0
2026-02-18T18:00,36,22.4,24.2,636.0,28.4,9.8,73.0
2026-02-18T19:00,36,22.8,24.6,746.0,32.0,10.5,53.0
2026-02-18T20:00,37,19.2,20.7,706.0,28.7,10.0,53.0
2026-02-18T21:00,37,16.9,17.9,590.0,24.2,9.3,52.0
2026-02-18T22:00,37,16.5,17.3,498.0,20.9,8.5,50.0
2026-02-18T23:00,38,16.9,17.6,476.0,20.1,7.7,46.0
2026-02-19T00:00,38,16.7,17.4,479.0,20.5,7.0,40.0
2026-02-19T01:00,38,16.1,16.8,474.0,21.1,6.3,35.0
2026-02-19T02:00,39,15.7,16.2,417.0,21.3,5.6,30.0
2026-02-19T03:00,39,16.0,16.5,352.0,21.8,5.0,26.0
2026-02-19T04:00,39,16.8,17.3,379.0,23.1,5.1,23.0
2026-02-19T05:00,39,17.9,18.7,605.0,26.8,6.6,19.0
2026-02-19T06:00,39,21.0,22.2,923.0,31.4,8.9,17.0
2026-02-19T07:00,39,23.6,24.9,1118.0,27.0,8.4,29.0
2026-02-19T08:00,38,19.2,20.8,1072.0,23.4,8.0,44.0
2026-02-19T09:00,37,18.0,20.4,902.0,18.5,7.4,66.0
2026-02-19T10:00,36,15.9,18.6,742.0,14.2,6.7,86.0
2026-02-19T11:00,41,14.1,16.5,632.0,11.3,5.7,101.0
2026-02-19T12:00,50,12.8,15.0,531.0,9.1,4.7,115.0
2026-02-19T13:00,56,11.7,13.6,457.0,7.7,3.9,124.0
2026-02-19T14:00,59,11.0,12.6,410.0,6.5,3.4,129.0
2026-02-19T15:00,60,10.6,12.0,390.0,6.1,3.2,130.0
2026-02-19T16:00,57,10.6,12.0,404.0,8.4,3.8,125.0
2026-02-19T17:00,46,12.3,13.9,481.0,16.2,6.0,109.0
2026-02-19T18:00,34,21.0,22.9,594.0,26.7,9.1,86.0
2026-02-19T19:00,33,22.6,24.4,666.0,31.9,10.6,67.0
2026-02-19T20:00,33,18.0,19.6,657.0,28.9,10.1,66.0
2026-02-19T21:00,33,15.9,17.3,608.0,24.9,9.5,64.0
2026-02-19T22:00,33,15.8,17.1,567.0,22.5,8.9,60.0
2026-02-19T23:00,33,17.7,18.9,554.0,23.2,8.5,52.0
2026-02-20T00:00,33,19.0,20.2,549.0,25.6,8.2,43.0
2026-02-20T01:00,33,20.5,21.8,546.0,27.7,8.0,35.0
2026-02-20T02:00,33,22.1,23.5,521.0,28.8,7.6,30.0
2026-02-20T03:00,34,23.6,25.0,496.0,29.7,7.3,26.0
2026-02-20T04:00,34,23.1,24.6,534.0,31.1,8.0,24.0
2026-02-20T05:00,35,24.3,25.8,698.0,34.0,10.7,20.0
2026-02-20T06:00,35,27.9,29.5,923.0,37.5,14.6,17.0
2026-02-20T07:00,36,41.4,44.1,1078.0,37.3,13.5,24.0
2026-02-20T08:00,37,34.7,37.6,1103.0,35.6,14.8,46.0
2026-02-20T09:00,39,32.5,35.9,1057.0,33.1,16.4,78.0
2026-02-20T10:00,44,31.0,34.7,986.0,29.6,16.9,106.0
2026-02-20T11:00,59,29.0,32.5,890.0,24.3,15.1,128.0
2026-02-20T12:00,63,27.1,30.2,770.0,18.0,12.0,146.0
2026-02-20T13:00,65,24.7,27.8,674.0,13.3,9.6,160.0
2026-02-20T14:00,67,23.7,26.7,616.0,10.9,8.4,169.0
2026-02-20T15:00,68,23.1,26.0,583.0,10.0,7.9,174.0
2026-02-20T16:00,67,23.0,26.3,581.0,11.6,7.9,168.0
2026-02-20T17:00,63,23.2,26.8,640.0,17.6,8.9,145.0
2026-02-20T18:00,57,25.6,28.0,731.0,25.9,10.4,111.0
2026-02-20T19:00,58,19.8,21.6,771.0,26.0,9.6,89.0
2026-02-20T20:00,58,17.9,19.4,711.0,25.2,9.4,83.0
2026-02-20T21:00,58,16.8,18.3,601.0,24.0,9.0,75.0
2026-02-20T22:00,58,16.0,17.4,509.0,23.1,8.6,68.0
2026-02-20T23:00,58,15.4,16.6,462.0,22.4,7.9,63.0
2026-02-21T00:00,58,14.5,15.5,433.0,22.0,7.1,58.0
2026-02-21T01:00,57,15.0,15.9,414.0,22.3,6.8,53.0
2026-02-21T02:00,56,16.8,17.8,388.0,23.7,7.1,47.0
2026-02-21T03:00,55,19.5,20.5,372.0,25.8,7.8,41.0
2026-02-21T04:00,54,22.9,24.3,410.0,28.4,8.9,35.0
2026-02-21T05:00,54,26.3,28.0,554.0,32.4,10.5,26.0
2026-02-21T06:00,55,29.9,31.8,752.0,36.8,12.5,18.0
2026-02-21T07:00,55,47.7,51.1,887.0,41.0,15.5,21.0
2026-02-21T08:00,56,42.0,46.0,907.0,38.3,18.1,44.0
2026-02-21T09:00,57,39.5,43.7,864.0,34.4,21.6,77.0
2026-02-21T10:00,58,38.9,42.1,805.0,29.8,23.4,111.0
2026-02-21T11:00,63,37.6,39.6,729.0,23.9,22.2,148.0
2026-02-21T12:00,70,39.8,41.7,637.0,17.4,19.4,186.0
2026-02-21T13:00,75,42.7,44.7,574.0,12.6,16.7,213.0
2026-02-21T14:00,78,42.5,44.4,567.0,10.4,14.8,227.0
2026-02-21T15:00,78,41.7,43.4,590.0,9.9,13.0,231.0
2026-02-21T16:00,76,39.2,41.1,606.0,11.2,11.6,220.0
2026-02-21T17:00,70,31.8,33.4,604.0,15.6,10.8,183.0
2026-02-21T18:00,63,29.6,32.4,596.0,21.9,10.3,132.0
2026-02-21T19:00,63,17.6,19.0,579.0,23.9,9.8,101.0
2026-02-21T20:00,63,14.7,16.1,548.0,23.4,9.2,93.0
2026-02-21T21:00,63,12.6,14.1,507.0,22.7,8.3,82.0
2026-02-21T22:00,63,12.3,13.8,470.0,21.9,7.5,73.0
2026-02-21T23:00,63,11.9,13.3,437.0,20.6,6.8,70.0
2026-02-22T00:00,63,11.1,12.4,406.0,19.2,6.1,68.0
2026-02-22T01:00,63,10.9,12.2,387.0,18.7,5.8,66.0
2026-02-22T02:00,63,11.4,12.7,365.0,19.6,6.0,61.0
2026-02-22T03:00,62,13.0,14.4,354.0,21.5,6.6,54.0
2026-02-22T04:00,62,15.1,16.5,402.0,24.1,7.6,48.0
2026-02-22T05:00,62,17.3,18.8,579.0,28.6,9.3,41.0
2026-02-22T06:00,62,20.5,22.3,816.0,33.8,11.4,34.0
2026-02-22T07:00,61,30.7,33.8,951.0,36.1,13.4,33.0
2026-02-22T08:00,61,25.1,28.4,888.0,32.2,13.1,43.0
2026-02-22T09:00,60,23.7,27.6,724.0,26.7,12.7,58.0
2026-02-22T10:00,59,23.6,28.6,587.0,21.7,11.9,75.0
2026-02-22T11:00,56,23.1,28.2,523.0,17.5,10.6,98.0
2026-02-22T12:00,56,22.7,26.9,486.0,13.7,8.9,124.0
2026-02-22T13:00,62,24.6,27.9,467.0,11.3,7.7,142.0
2026-02-22T14:00,63,26.3,28.6,467.0,10.7,7.2,149.0
2026-02-22T15:00,63,26.3,29.2,484.0,11.5,7.2,149.0
2026-02-22T16:00,62,24.0,27.7,503.0,13.4,7.4,141.0
2026-02-22T17:00,55,20.3,23.1,527.0,17.3,7.9,122.0
2026-02-22T18:00,39,20.9,23.5,553.0,22.2,8.7,95.0
2026-02-22T19:00,38,21.4,24.3,562.0,26.9,10.0,77.0
2026-02-22T20:00,39,16.5,19.0,543.0,25.8,9.4,72.0
2026-02-22T21:00,39,13.9,16.5,506.0,24.3,8.6,65.0
2026-02-22T22:00,39,13.4,15.8,468.0,23.1,7.9,59.0
2026-02-22T23:00,39,13.1,15.3,432.0,22.4,7.3,56.0
2026-02-23T00:00,39,12.0,14.1,395.0,22.0,6.7,55.0
2026-02-23T01:00,39,11.4,13.5,360.0,21.7,6.3,54.0
2026-02-23T02:00,39,11.3,13.4,315.0,21.2,6.1,53.0
2026-02-23T03:00,39,11.5,13.6,272.0,20.7,6.1,52.0
2026-02-23T04:00,39,11.9,14.1,274.0,20.8,6.4,50.0
2026-02-23T05:00,39,12.6,14.8,366.0,22.3,7.1,46.0
2026-02-23T06:00,38,13.7,15.9,503.0,24.4,8.1,40.0
2026-02-23T07:00,38,19.8,23.2,588.0,22.3,7.6,45.0
2026-02-23T08:00,37,20.5,24.1,568.0,20.3,7.7,55.0
2026-02-23T09:00,37,22.1,26.2,498.0,17.4,7.8,69.0
2026-02-23T10:00,36,22.8,26.0,443.0,14.6,7.6,85.0
2026-02-23T11:00,44,23.6,25.7,432.0,11.7,6.8,106.0
2026-02-23T12:00,60,25.6,27.6,438.0,8.8,5.8,130.0
2026-02-23T13:00,63,26.5,28.5,443.0,7.0,5.0,147.0
2026-02-23T14:00,64,26.3,28.2,437.0,6.2,4.7,154.0
2026-02-23T15:00,64,24.7,26.4,430.0,6.5,4.6,153.0
2026-02-23T16:00,63,22.2,23.9,438.0,8.7,5.1,145.0
2026-02-23T17:00,57,21.1,23.9,479.0,14.5,6.6,125.0
2026-02-23T18:00,39,22.1,24.4,534.0,22.3,8.7,98.0
2026-02-23T19:00,37,21.0,23.7,560.0,26.8,9.5,76.0
2026-02-23T20:00,37,17.5,20.0,531.0,25.7,9.1,72.0
2026-02-23T21:00,37,15.8,18.3,473.0,24.2,8.6,67.0
2026-02-23T22:00,37,14.8,17.2,424.0,23.1,8.1,62.0
2026-02-23T23:00,37,14.0,16.2,401.0,22.6,7.6,58.0
2026-02-24T00:00,37,12.9,15.0,387.0,22.5,7.1,55.0
2026-02-24T01:00,37,12.6,14.6,369.0,22.4,6.7,52.0
2026-02-24T02:00,37,12.5,14.6,330.0,22.1,6.6,50.0
2026-02-24T03:00,37,12.5,14.6,287.0,21.7,6.6,49.0
2026-02-24T04:00,37,12.4,14.4,280.0,21.7,6.8,48.0
2026-02-24T05:00,37,12.7,14.7,348.0,22.7,7.5,45.0
2026-02-24T06:00,37,13.4,15.5,452.0,23.9,8.3,42.0
2026-02-24T07:00,37,16.6,18.9,518.0,24.2,8.9,42.0
2026-02-24T08:00,37,15.8,18.6,505.0,20.9,8.3,53.0
2026-02-24T09:00,37,15.4,18.6,453.0,16.3,7.4,68.0
2026-02-24T10:00,36,15.4,19.2,409.0,12.3,6.5,84.0
2026-02-24T11:00,41,14.8,18.2,386.0,9.6,5.7,102.0
2026-02-24T12:00,53,14.4,17.2,371.0,7.6,5.0,120.0
2026-02-24T13:00,60,14.8,17.5,365.0,6.5,4.5,132.0
2026-02-24T14:00,61,15.4,18.2,368.0,6.3,4.2,135.0
2026-02-24T15:00,60,15.4,18.2,381.0,7.1,4.0,132.0
2026-02-24T16:00,56,15.3,18.1,404.0,9.4,4.4,124.0
2026-02-24T17:00,45,15.6,18.1,452.0,14.7,5.8,107.0
2026-02-24T18:00,34,17.2,19.3,510.0,21.4,7.8,84.0
2026-02-24T19:00,30,22.5,26.1,538.0,28.3,9.8,68.0
2026-02-24T20:00,30,19.4,22.5,509.0,26.9,9.3,66.0
2026-02-24T21:00,30,17.9,20.7,449.0,25.0,8.6,62.0
2026-02-24T22:00,30,16.9,19.5,397.0,23.2,7.9,60.0
2026-02-24T23:00,30,15.8,18.2,368.0,21.8,7.2,60.0
2026-02-25T00:00,31,14.2,16.5,346.0,20.6,6.5,60.0
2026-02-25T01:00,31,13.4,15.7,326.0,19.8,6.1,60.0
2026-02-25T02:00,31,13.2,15.5,286.0,19.6,6.0,57.0
2026-02-25T03:00,31,13.5,15.9,248.0,19.9,6.2,54.0
2026-02-25T04:00,31,13.7,16.2,266.0,20.7,6.6,50.0
2026-02-25T05:00,31,14.1,16.5,405.0,22.9,7.6,45.0
2026-02-25T06:00,31,15.3,17.8,599.0,25.7,8.9,40.0
2026-02-25T07:00,31,18.5,21.2,712.0,26.6,9.2,40.0
2026-02-25T08:00,31,18.5,22.2,660.0,23.2,8.7,49.0
2026-02-25T09:00,32,18.0,22.2,526.0,18.4,7.9,63.0
2026-02-25T10:00,32,17.3,21.8,420.0,14.4,7.2,78.0
2026-02-25T11:00,39,16.5,20.2,384.0,11.7,6.5,98.0
2026-02-25T12:00,53,16.8,19.6,376.0,9.8,5.8,119.0
2026-02-25T13:00,61,17.6,19.7,379.0,8.9,5.4,135.0
2026-02-25T14:00,62,18.2,19.8,394.0,8.9,5.2,142.0
2026-02-25T15:00,62,18.5,20.1,420.0,9.9,5.2,143.0
2026-02-25T16:00,61,18.2,19.7,440.0,12.1,5.6,136.0
2026-02-25T17:00,52,18.3,19.8,445.0,16.5,6.7,118.0
2026-02-25T18:00,37,19.2,20.8,443.0,22.0,8.1,92.0
2026-02-25T19:00,34,21.1,22.4,441.0,28.8,9.9,69.0
2026-02-25T20:00,34,19.9,21.0,445.0,30.2,10.1,59.0
2026-02-25T21:00,34,20.6,21.6,448.0,32.1,10.3,46.0
2026-02-25T22:00,34,21.4,22.4,442.0,32.8,10.3,37.0
2026-02-25T23:00,34,19.6,20.4,415.0,31.3,9.7,36.0
2026-02-26T00:00,35,17.2,18.2,377.0,28.7,8.8,39.0
2026-02-26T01:00,35,16.4,17.5,351.0,26.9,8.2,42.0
2026-02-26T02:00,35,16.2,17.9,344.0,26.5,8.2,42.0
2026-02-26T03:00,35,16.4,18.2,350.0,26.9,8.6,42.0
2026-02-26T04:00,36,17.2,19.0,366.0,28.3,9.2,40.0
2026-02-26T05:00,36,18.3,20.3,390.0,31.9,10.4,34.0
2026-02-26T06:00,36,20.5,22.6,425.0,36.5,12.0,26.0
2026-02-26T07:00,37,30.2,30.7,480.0,49.9,16.1,8.0
2026-02-26T08:00,38,34.6,35.2,564.0,47.1,16.1,14.0
2026-02-26T09:00,39,27.6,28.2,669.0,43.1,16.0,24.0
2026-02-26T10:00,40,26.5,27.1,779.0,38.7,15.5,38.0
2026-02-26T11:00,41,24.6,25.2,898.0,33.9,14.3,62.0
2026-02-26T12:00,43,25.3,25.8,1023.0,28.6,12.8,90.0
2026-02-26T13:00,47,28.9,29.4,1129.0,24.2,11.2,110.0
2026-02-26T14:00,50,21.1,21.7,1171.0,20.1,9.5,115.0
2026-02-26T15:00,48,15.3,15.8,1193.0,16.8,7.8,112.0
2026-02-26T16:00,46,13.4,13.9,1303.0,16.6,7.0,102.0
2026-02-26T17:00,45,12.7,13.1,1574.0,22.7,7.9,83.0
2026-02-26T18:00,44,16.0,16.3,1933.0,31.9,9.6,58.0
2026-02-26T19:00,43,28.8,29.4,2272.0,44.2,11.6,37.0
2026-02-26T20:00,45,27.6,28.0,2660.0,41.0,11.4,36.0
2026-02-26T21:00,46,26.1,26.6,3027.0,36.5,11.1,34.0
2026-02-26T22:00,47,24.8,25.6,3064.0,32.5,10.6,33.0
2026-02-26T23:00,48,22.6,23.5,2496.0,29.6,9.7,33.0
2026-02-27T00:00,48,19.2,20.3,1596.0,27.2,8.7,33.0
2026-02-27T01:00,48,16.7,17.9,875.0,24.9,7.7,33.0
2026-02-27T02:00,48,14.2,15.4,524.0,22.4,6.9,34.0
2026-02-27T03:00,48,12.8,13.9,352.0,20.0,6.2,34.0
2026-02-27T04:00,48,11.8,13.0,287.0,18.8,5.8,34.0
2026-02-27T05:00,47,11.3,12.4,367.0,20.0,6.2,31.0
2026-02-27T06:00,45,11.8,13.0,555.0,22.4,6.9,27.0
2026-02-27T07:00,44,20.8,22.4,672.0,28.9,10.3,21.0
2026-02-27T08:00,42,16.8,18.9,628.0,23.6,8.9,34.0
2026-02-27T09:00,40,15.3,17.7,513.0,16.2,7.0,51.0
2026-02-27T10:00,39,13.5,16.2,419.0,10.8,5.5,66.0
2026-02-27T11:00,38,13.7,17.2,379.0,9.1,4.8,74.0
2026-02-27T12:00,37,10.4,12.4,361.0,9.2,4.5,79.0
2026-02-27T13:00,35,11.9,14.0,361.0,9.9,4.6,82.0
2026-02-27T14:00,34,13.0,15.3,336.0,10.2,5.2,84.0
2026-02-27T15:00,34,12.5,14.5,329.0,10.9,6.2,85.0
2026-02-27T16:00,33,12.8,15.0,469.0,13.4,7.2,80.0
2026-02-27T17:00,33,13.6,15.6,930.0,19.3,8.2,67.0
2026-02-27T18:00,33,15.4,17.3,1539.0,27.0,9.1,49.0
2026-02-27T19:00,33,27.9,30.3,1904.0,51.4,13.4,18.0
2026-02-27T20:00,33,23.8,25.8,1810.0,46.1,12.1,21.0
2026-02-27T21:00,33,19.8,21.6,1472.0,38.9,10.3,24.0
2026-02-27T22:00,32,18.4,20.1,1147.0,33.8,9.0,26.0
2026-02-27T23:00,32,18.7,20.4,909.0,32.7,8.7,25.0
2026-02-28T00:00,31,18.9,20.7,685.0,33.6,8.8,22.0
2026-02-28T01:00,31,20.5,22.5,508.0,34.8,9.0,19.0
2026-02-28T02:00,32,22.8,24.9,390.0,36.4,9.2,16.0
2026-02-28T03:00,32,23.2,25.4,320.0,38.2,9.5,12.0
2026-02-28T04:00,33,21.1,23.2,299.0,38.3,9.6,11.0
2026-02-28T05:00,34,18.0,19.8,358.0,35.4,9.6,13.0
2026-02-28T06:00,35,15.5,17.2,466.0,30.8,9.5,18.0
2026-02-28T07:00,35,16.5,18.2,532.0,27.0,9.4,23.0
2026-02-28T08:00,34,13.5,15.0,508.0,23.6,8.5,31.0
2026-02-28T09:00,34,10.9,12.3,442.0,18.8,7.3,43.0
2026-02-28T10:00,34,10.2,11.6,387.0,14.6,6.2,56.0
2026-02-28T11:00,34,10.2,11.6,362.0,11.3,5.3,71.0
2026-02-28T12:00,35,9.8,11.1,348.0,8.5,4.6,88.0
2026-02-28T13:00,40,10.1,11.1,344.0,6.9,4.3,100.0
2026-02-28T14:00,45,10.8,11.7,332.0,6.7,4.4,107.0
2026-02-28T15:00,47,11.5,12.6,330.0,7.7,4.9,110.0
2026-02-28T16:00,44,11.9,13.3,390.0,10.5,5.7,106.0
2026-02-28T17:00,37,12.4,13.9,585.0,16.3,7.2,92.0
2026-02-28T18:00,33,14.2,15.8,842.0,24.0,9.0,70.0
2026-02-28T19:00,33,19.1,21.0,992.0,34.8,11.3,50.0
2026-02-28T20:00,32,18.8,20.6,938.0,36.3,11.8,44.0
2026-02-28T21:00,31,19.8,22.0,777.0,38.4,12.5,36.0
2026-02-28T22:00,31,21.3,23.5,635.0,39.3,12.8,30.0
2026-02-28T23:00,32,20.7,22.9,557.0,37.9,12.2,30.0
2026-03-01T00:00,32,18.0,20.3,497.0,35.4,11.1,32.0
2026-03-01T01:00,32,16.9,19.1,451.0,33.6,10.3,34.0
2026-03-01T02:00,31,16.8,19.0,403.0,33.3,10.0,33.0
2026-03-01T03:00,31,17.1,19.4,368.0,33.6,10.1,30.0
2026-03-01T04:00,30,17.9,20.3,384.0,34.0,10.4,29.0
2026-03-01T05:00,30,19.0,21.5,506.0,34.8,11.5,28.0
2026-03-01T06:00,30,20.5,23.1,678.0,35.7,12.9,28.0
2026-03-01T07:00,31,19.6,22.5,771.0,33.6,13.0,33.0
2026-03-01T08:00,31,16.8,19.6,704.0,27.9,11.1,41.0
2026-03-01T09:00,31,12.7,15.3,557.0,20.0,8.6,53.0
2026-03-01T10:00,31,11.6,13.6,443.0,13.8,6.6,66.0
2026-03-01T11:00,32,11.5,13.1,408.0,10.8,5.8,79.0
2026-03-01T12:00,37,11.6,12.9,405.0,9.4,5.6,93.0
2026-03-01T13:00,43,11.8,12.8,411.0,8.9,5.5,104.0
2026-03-01T14:00,48,12.2,13.1,402.0,8.3,5.3,112.0
2026-03-01T15:00,51,12.6,13.4,401.0,8.5,5.3,116.0
2026-03-01T16:00,49,12.3,13.1,453.0,11.2,5.9,113.0
2026-03-01T17:00,39,13.4,14.1,621.0,18.7,7.9,98.0
2026-03-01T18:00,32,18.2,18.8,842.0,28.6,10.5,75.0
2026-03-01T19:00,33,29.5,31.5,970.0,38.7,13.3,59.0
2026-03-01T20:00,33,26.8,29.0,921.0,37.5,12.9,54.0
2026-03-01T21:00,34,23.5,25.5,779.0,35.9,12.3,47.0
2026-03-01T22:00,34,20.9,22.8,654.0,34.3,11.7,42.0
2026-03-01T23:00,34,18.8,20.8,582.0,32.7,10.9,41.0
2026-03-02T00:00,34,16.7,18.7,525.0,31.3,10.1,41.0
2026-03-02T01:00,34,16.2,18.3,483.0,30.6,9.6,40.0
2026-03-02T02:00,34,16.8,19.0,445.0,31.4,9.7,37.0
2026-03-02T03:00,34,17.7,19.9,421.0,33.0,10.1,32.0
2026-03-02T04:00,34,18.9,21.2,439.0,34.4,10.9,29.0
2026-03-02T05:00,34,21.0,23.6,549.0,36.0,12.6,27.0
2026-03-02T06:00,34,24.2,27.0,702.0,37.3,14.7,26.0
2026-03-02T07:00,35,22.3,25.8,779.0,35.0,15.0,32.0
2026-03-02T08:00,35,18.0,21.2,706.0,28.9,12.7,39.0
2026-03-02T09:00,35,13.4,16.1,558.0,20.5,9.6,50.0
2026-03-02T10:00,35,11.7,13.9,438.0,14.1,7.2,61.0
2026-03-02T11:00,35,11.4,13.3,385.0,11.5,6.4,74.0
2026-03-02T12:00,36,12.5,14.3,361.0,10.8,6.5,89.0
2026-03-02T13:00,40,13.4,15.1,355.0,10.7,6.6,99.0
2026-03-02T14:00,43,13.6,15.1,353.0,10.1,6.4,105.0
2026-03-02T15:00,45,13.4,14.8,368.0,10.0,6.2,107.0
2026-03-02T16:00,41,13.3,14.6,430.0,12.4,6.7,102.0
2026-03-02T17:00,35,13.3,14.5,592.0,19.6,8.3,85.0
2026-03-02T18:00,35,16.8,17.9,800.0,29.3,10.6,61.0
2026-03-02T19:00,35,25.3,27.6,921.0,40.1,13.1,39.0
2026-03-02T20:00,35,23.7,25.8,876.0,40.0,13.2,35.0
2026-03-02T21:00,35,22.8,25.0,745.0,39.8,13.4,30.0
2026-03-02T22:00,35,21.4,23.7,633.0,39.3,13.2,26.0
2026-03-02T23:00,35,18.9,21.1,584.0,37.9,12.2,25.0
2026-03-03T00:00,35,17.1,19.2,554.0,36.1,10.9,26.0
2026-03-03T01:00,35,17.4,19.6,524.0,35.1,10.0,26.0
2026-03-03T02:00,35,18.2,20.3,472.0,35.8,10.0,24.0
2026-03-03T03:00,35,18.7,20.8,419.0,37.4,10.6,21.0
2026-03-03T04:00,35,19.4,21.5,407.0,38.4,11.3,19.0
2026-03-03T05:00,35,20.0,22.2,480.0,38.9,12.6,18.0
2026-03-03T06:00,35,20.9,23.2,593.0,38.8,14.2,18.0
2026-03-03T07:00,35,19.6,22.4,655.0,34.6,14.0,25.0
2026-03-03T08:00,35,17.6,20.6,612.0,29.1,12.4,32.0
2026-03-03T09:00,34,15.0,17.8,518.0,21.5,10.2,42.0
2026-03-03T10:00,35,14.1,16.8,443.0,15.3,8.4,55.0
2026-03-03T11:00,35,13.9,16.4,410.0,11.8,7.4,72.0
2026-03-03T12:00,37,14.5,16.7,397.0,9.7,6.8,93.0
2026-03-03T13:00,45,15.1,17.1,401.0,9.0,6.6,108.0
2026-03-03T14:00,52,15.9,17.6,411.0,9.1,6.7,118.0
2026-03-03T15:00,56,16.7,17.9,438.0,10.4,7.3,124.0
2026-03-03T16:00,53,17.9,19.2,522.0,14.5,8.4,120.0
2026-03-03T17:00,40,19.3,21.4,733.0,23.7,10.8,100.0
2026-03-03T18:00,37,24.0,26.0,1000.0,35.6,13.8,70.0
2026-03-03T19:00,37,40.5,43.8,1147.0,51.7,14.9,36.0
2026-03-03T20:00,39,35.5,38.0,1064.0,50.8,15.1,28.0
2026-03-03T21:00,40,32.6,34.8,861.0,49.4,15.3,17.0
2026-03-03T22:00,41,30.3,32.4,687.0,47.4,15.0,9.0
2026-03-03T23:00,42,26.7,28.8,599.0,44.4,13.9,8.0
2026-03-04T00:00,43,21.9,24.1,540.0,40.6,12.4,10.0
2026-03-04T01:00,44,18.7,21.0,490.0,37.0,11.1,14.0
2026-03-04T02:00,44,17.0,19.3,432.0,33.2,10.1,19.0
2026-03-04T03:00,44,15.7,18.2,383.0,29.6,9.3,26.0
2026-03-04T04:00,44,15.0,17.4,377.0,27.4,9.0,30.0
2026-03-04T05:00,43,15.6,17.6,458.0,28.3,9.7,29.0
2026-03-04T06:00,42,17.2,19.3,582.0,30.8,10.9,25.0
2026-03-04T07:00,42,21.4,23.8,655.0,32.7,9.7,24.0
2026-03-04T08:00,42,20.7,23.9,626.0,30.1,9.8,29.0
2026-03-04T09:00,43,18.8,22.5,546.0,26.3,9.9,36.0
2026-03-04T10:00,43,18.9,21.8,478.0,22.4,9.6,48.0
2026-03-04T11:00,44,20.9,23.2,438.0,18.3,8.3,68.0
2026-03-04T12:00,45,18.7,20.3,409.0,14.2,6.6,93.0
2026-03-04T13:00,48,19.3,20.7,401.0,11.5,5.4,112.0
2026-03-04T14:00,55,20.4,21.8,411.0,10.4,5.2,123.0
2026-03-04T15:00,59,21.1,22.5,442.0,10.7,5.5,128.0
2026-03-04T16:00,56,20.3,21.8,518.0,13.3,6.4,124.0
2026-03-04T17:00,48,19.9,21.4,696.0,20.0,8.1,106.0
2026-03-04T18:00,49,24.7,26.4,920.0,29.1,10.4,79.0
2026-03-04T19:00,49,26.8,29.6,1043.0,35.6,11.4,48.0
2026-03-04T20:00,46,28.5,31.1,975.0,35.0,11.5,45.0
2026-03-04T21:00,45,29.5,32.0,807.0,34.2,11.6,42.0
2026-03-04T22:00,45,29.6,32.1,663.0,33.8,11.5,38.0
2026-03-04T23:00,45,29.0,31.5,591.0,34.4,11.1,34.0
2026-03-05T00:00,45,29.9,32.6,544.0,35.4,10.6,29.0
2026-03-05T01:00,46,28.2,31.1,503.0,36.0,10.2,26.0
2026-03-05T02:00,48,26.0,29.1,446.0,35.4,9.9,24.0
2026-03-05T03:00,49,24.5,27.5,394.0,34.3,9.6,23.0
2026-03-05T04:00,51,23.4,26.3,398.0,33.9,10.1,22.0
2026-03-05T05:00,52,23.9,26.8,518.0,35.8,12.1,18.0
2026-03-05T06:00,54,28.6,31.9,693.0,38.5,14.8,14.0
2026-03-05T07:00,56,27.6,31.7,790.0,29.5,11.7,28.0
2026-03-05T08:00,57,24.8,29.2,727.0,25.9,10.8,38.0
2026-03-05T09:00,57,22.4,26.5,586.0,20.9,9.4,53.0
2026-03-05T10:00,58,20.0,22.9,475.0,16.2,8.1,69.0
2026-03-05T11:00,58,17.9,19.7,435.0,12.2,6.8,88.0
2026-03-05T12:00,58,16.6,18.3,425.0,8.7,5.4,108.0
2026-03-05T13:00,57,17.9,19.6,429.0,6.6,4.5,123.0
2026-03-05T14:00,60,16.4,17.8,428.0,5.9,4.1,130.0
2026-03-05T15:00,60,16.5,18.0,440.0,6.6,4.1,130.0
2026-03-05T16:00,56,16.8,18.2,506.0,10.0,4.9,124.0
2026-03-05T17:00,55,17.3,18.7,699.0,18.7,7.1,107.0
2026-03-05T18:00,54,25.8,27.4,946.0,30.1,10.1,82.0
2026-03-05T19:00,55,34.0,37.0,1067.0,38.4,11.9,57.0
2026-03-05T20:00,56,30.6,33.1,936.0,36.5,11.4,54.0
2026-03-05T21:00,56,29.4,31.5,678.0,33.9,10.8,49.0
2026-03-05T22:00,56,27.4,29.3,489.0,32.0,10.3,45.0
2026-03-05T23:00,56,24.7,26.5,457.0,31.2,10.1,42.0
2026-03-06T00:00,55,22.7,24.4,494.0,31.1,10.0,39.0
2026-03-06T01:00,54,24.2,25.8,524.0,31.9,10.1,36.0
2026-03-06T02:00,53,27.6,29.5,514.0,34.1,10.1,31.0
2026-03-06T03:00,53,30.2,32.2,498.0,37.3,10.3,26.0
2026-03-06T04:00,54,31.2,33.2,503.0,40.2,11.3,21.0
2026-03-06T05:00,56,35.6,37.7,553.0,43.3,13.7,14.0
2026-03-06T06:00,58,43.2,45.3,624.0,46.0,16.8,9.0
2026-03-06T07:00,60,45.2,45.8,670.0,44.3,23.5,17.0
2026-03-06T08:00,61,42.0,42.8,669.0,39.4,22.5,42.0
2026-03-06T09:00,61,34.3,35.4,643.0,32.4,20.9,77.0
2026-03-06T10:00,62,33.4,34.5,618.0,25.7,19.2,110.0
2026-03-06T11:00,62,34.0,35.0,599.0,19.3,17.0,141.0
2026-03-06T12:00,67,34.1,35.0,581.0,13.1,14.6,170.0
2026-03-06T13:00,71,33.3,34.1,569.0,9.8,12.8,190.0
2026-03-06T14:00,72,34.1,34.9,530.0,10.7,12.0,198.0
2026-03-06T15:00,72,35.0,35.9,498.0,14.3,11.8,195.0
2026-03-06T16:00,69,38.3,39.1,578.0,19.1,11.5,182.0
2026-03-06T17:00,66,31.3,31.8,850.0,24.7,10.5,151.0
2026-03-06T18:00,66,25.9,26.4,1234.0,31.4,9.6,108.0
2026-03-06T19:00,66,23.3,23.6,1594.0,32.1,10.1,79.0
2026-03-06T20:00,66,29.9,30.2,1951.0,39.5,15.0,69.0
2026-03-06T21:00,66,40.2,40.4,2285.0,49.8,21.9,54.0
2026-03-06T22:00,66,50.4,50.8,2400.0,59.1,27.4,41.0
2026-03-06T23:00,67,58.3,58.6,2137.0,66.2,30.5,31.0
2026-03-07T00:00,68,61.2,61.5,1656.0,72.3,32.2,21.0
2026-03-07T01:00,69,63.6,63.8,1239.0,76.6,33.1,14.0
2026-03-07T02:00,71,66.1,66.4,971.0,79.0,33.0,8.0
2026-03-07T03:00,72,68.5,68.7,769.0,79.7,31.9,3.0
2026-03-07T04:00,73,70.5,70.8,660.0,78.6,30.8,3.0
2026-03-07T05:00,74,72.6,72.9,699.0,75.6,30.0,6.0
2026-03-07T06:00,76,75.2,75.4,833.0,70.9,29.2,13.0
2026-03-07T07:00,77,69.4,70.1,930.0,60.3,20.1,24.0
2026-03-07T08:00,77,58.9,59.6,945.0,50.2,18.1,53.0
2026-03-07T09:00,78,38.8,39.8,922.0,36.2,15.3,93.0
2026-03-07T10:00,78,26.6,28.2,870.0,24.3,12.6,127.0
2026-03-07T11:00,78,22.3,23.4,765.0,16.8,10.1,148.0
2026-03-07T12:00,78,19.6,20.5,630.0,11.4,7.7,163.0
2026-03-07T13:00,77,18.0,18.9,537.0,8.3,6.1,174.0
2026-03-07T14:00,77,17.6,18.5,505.0,7.2,5.7,184.0
2026-03-07T15:00,76,20.1,21.2,514.0,8.2,6.0,190.0
2026-03-07T16:00,76,19.4,20.5,577.0,12.1,7.1,185.0
2026-03-07T17:00,75,21.2,22.5,677.0,21.2,9.2,160.0
2026-03-07T18:00,75,31.8,33.5,832.0,33.2,12.1,124.0
2026-03-07T19:00,75,32.2,35.5,1103.0,33.8,9.8,81.0
2026-03-07T20:00,75,29.2,31.2,1659.0,34.5,10.4,73.0
2026-03-07T21:00,75,29.8,31.5,2332.0,35.6,11.2,61.0
2026-03-07T22:00,75,31.9,33.5,2678.0,36.7,11.8,52.0
2026-03-07T23:00,74,34.5,36.4,2365.0,37.9,12.2,47.0
2026-03-08T00:00,73,36.3,38.4,1725.0,39.2,12.4,44.0
2026-03-08T01:00,72,38.6,40.9,1311.0,40.4,12.4,40.0
2026-03-08T02:00,72,41.1,43.4,1435.0,41.3,11.8,34.0
2026-03-08T03:00,71,43.1,45.4,1785.0,42.1,10.9,27.0
2026-03-08T04:00,70,46.4,48.7,1975.0,43.2,11.2,22.0
2026-03-08T05:00,69,50.3,52.5,1812.0,45.8,13.8,18.0
2026-03-08T06:00,68,55.4,57.3,1489.0,48.7,17.6,16.0
2026-03-08T07:00,68,57.0,58.3,1201.0,45.0,15.9,26.0
2026-03-08T08:00,67,43.8,45.3,1012.0,40.3,15.6,51.0
2026-03-08T09:00,67,34.2,36.3,858.0,33.5,15.2,87.0
2026-03-08T10:00,67,31.5,33.8,743.0,27.0,14.2,120.0
2026-03-08T11:00,67,30.0,32.2,676.0,20.9,12.3,147.0
2026-03-08T12:00,68,27.9,30.4,648.0,15.0,9.8,172.0
2026-03-08T13:00,71,26.4,29.1,635.0,11.0,7.9,189.0
2026-03-08T14:00,73,25.4,28.3,624.0,9.0,6.8,200.0
2026-03-08T15:00,73,24.1,27.0,628.0,8.9,6.3,204.0
2026-03-08T16:00,72,22.9,25.7,659.0,11.9,6.7,196.0
2026-03-08T17:00,68,22.6,25.3,747.0,20.7,8.9,168.0
2026-03-08T18:00,68,31.0,34.5,863.0,32.7,12.1,128.0
2026-03-08T19:00,68,35.4,39.0,930.0,40.8,14.2,94.0
2026-03-08T20:00,68,28.9,31.7,899.0,38.1,13.9,87.0
2026-03-08T21:00,68,24.2,26.8,819.0,34.6,13.4,78.0
2026-03-08T22:00,68,21.5,24.1,765.0,32.5,12.9,69.0
2026-03-08T23:00,68,20.4,22.9,746.0,32.6,12.2,62.0
2026-03-09T00:00,67,20.3,22.8,752.0,34.3,11.6,56.0
2026-03-09T01:00,67,24.2,26.8,826.0,38.0,11.9,49.0
2026-03-09T02:00,66,31.1,34.1,1042.0,45.5,13.5,38.0
2026-03-09T03:00,66,37.7,41.0,1326.0,55.1,16.0,25.0
2026-03-09T04:00,66,41.7,45.2,1498.0,61.8,19.4,16.0
2026-03-09T05:00,66,42.7,46.6,1456.0,63.8,25.0,12.0
2026-03-09T06:00,65,46.6,50.5,1302.0,63.0,31.4,12.0
2026-03-09T07:00,65,54.2,59.1,1165.0,59.9,29.5,20.0
2026-03-09T08:00,65,44.6,49.7,1098.0,52.4,26.7,47.0
2026-03-09T09:00,65,33.1,37.4,1049.0,41.7,22.6,86.0
2026-03-09T10:00,65,29.0,32.2,990.0,32.2,18.6,117.0
2026-03-09T11:00,65,25.6,27.2,907.0,24.7,14.6,136.0
2026-03-09T12:00,65,22.5,23.9,816.0,18.4,10.6,148.0
2026-03-09T13:00,65,18.3,19.5,733.0,14.2,7.6,154.0
2026-03-09T14:00,64,25.7,27.5,637.0,12.7,6.0,154.0
2026-03-09T15:00,64,18.9,20.0,550.0,13.4,5.5,147.0
2026-03-09T16:00,64,17.3,19.2,556.0,16.3,5.9,136.0
2026-03-09T17:00,64,19.4,22.2,738.0,22.2,7.4,118.0
2026-03-09T18:00,64,23.7,26.7,1013.0,30.5,9.8,94.0
2026-03-09T19:00,64,35.7,38.9,1212.0,43.1,12.4,65.0
2026-03-09T20:00,64,32.2,34.9,1279.0,45.5,13.3,55.0
2026-03-09T21:00,64,30.2,32.6,1270.0,49.0,14.5,42.0
2026-03-09T22:00,64,38.4,41.4,1188.0,53.3,15.8,30.0
2026-03-09T23:00,64,42.3,45.6,967.0,58.9,17.1,22.0
2026-03-10T00:00,65,43.3,47.0,672.0,65.3,18.3,15.0
2026-03-10T01:00,66,47.4,51.3,501.0,70.0,19.5,10.0
2026-03-10T02:00,67,53.2,57.3,566.0,72.3,20.3,6.0
2026-03-10T03:00,67,60.8,64.5,754.0,73.0,21.1,2.0
2026-03-10T04:00,68,63.1,66.6,922.0,71.7,22.1,2.0
2026-03-10T05:00,69,57.2,60.5,1035.0,68.1,24.4,4.0
2026-03-10T06:00,69,55.8,59.1,1128.0,62.5,27.1,8.0
2026-03-10T07:00,70,46.8,49.8,1169.0,55.0,25.0,17.0
2026-03-10T08:00,69,40.5,43.8,1131.0,48.0,22.5,41.0
2026-03-10T09:00,69,28.6,30.9,1040.0,38.1,18.9,75.0
2026-03-10T10:00,69,21.6,23.2,943.0,29.1,15.2,102.0
2026-03-10T11:00,69,18.2,19.2,846.0,21.6,11.3,118.0
2026-03-10T12:00,69,15.3,15.9,743.0,15.0,7.3,128.0
2026-03-10T13:00,68,14.5,15.1,656.0,11.3,4.7,132.0
2026-03-10T14:00,68,15.1,15.9,565.0,11.3,4.0,130.0
2026-03-10T15:00,68,17.6,20.1,491.0,14.1,4.6,123.0
2026-03-10T16:00,68,20.7,23.4,516.0,19.5,6.2,112.0
2026-03-10T17:00,68,23.2,26.0,751.0,28.8,9.1,97.0
2026-03-10T18:00,68,30.3,33.4,1084.0,40.6,12.9,80.0
2026-03-10T19:00,68,33.8,36.2,1266.0,53.0,14.0,45.0
2026-03-10T20:00,68,42.7,45.3,1130.0,59.8,16.8,34.0
2026-03-10T21:00,69,51.5,54.2,842.0,68.8,20.4,19.0
2026-03-10T22:00,69,54.4,57.0,649.0,73.7,22.0,9.0
2026-03-10T23:00,70,51.9,54.4,679.0,70.4,19.4,8.0
2026-03-11T00:00,70,46.3,48.5,804.0,62.8,14.8,11.0
2026-03-11T01:00,70,39.7,41.8,890.0,56.5,11.5,13.0
2026-03-11T02:00,70,36.7,38.9,870.0,53.4,10.8,11.0
2026-03-11T03:00,70,37.1,39.2,812.0,51.6,11.5,9.0
2026-03-11T04:00,69,39.2,41.2,778.0,50.2,12.6,9.0
2026-03-11T05:00,68,41.2,43.2,805.0,49.7,14.4,11.0
2026-03-11T06:00,67,42.4,44.2,857.0,49.7,16.6,15.0
2026-03-11T07:00,67,39.7,40.3,893.0,43.5,11.0,35.0
2026-03-11T08:00,67,29.3,29.8,903.0,38.2,10.7,60.0
2026-03-11T09:00,66,20.7,21.4,897.0,30.8,10.3,96.0
2026-03-11T10:00,66,18.3,19.0,863.0,24.1,10.0,129.0
2026-03-11T11:00,66,17.9,18.7,776.0,19.0,10.0,157.0
2026-03-11T12:00,70,18.5,19.4,661.0,14.6,10.2,183.0
2026-03-11T13:00,73,20.5,21.7,577.0,11.7,10.4,202.0
2026-03-11T14:00,75,22.2,23.5,550.0,10.4,10.5,215.0
2026-03-11T15:00,76,23.0,24.3,554.0,10.6,10.6,220.0
2026-03-11T16:00,75,23.4,24.7,567.0,12.7,10.8,213.0
2026-03-11T17:00,70,23.1,24.6,589.0,18.3,11.3,183.0
2026-03-11T18:00,67,26.6,29.3,619.0,25.8,11.9,140.0
2026-03-11T19:00,67,20.6,22.8,642.0,28.7,11.8,106.0
2026-03-11T20:00,66,18.2,20.1,653.0,27.3,11.1,97.0
2026-03-11T21:00,65,16.2,18.2,656.0,25.5,10.1,84.0
2026-03-11T22:00,64,15.8,17.6,641.0,25.1,9.4,72.0
2026-03-11T23:00,63,17.3,19.0,587.0,27.1,9.4,63.0
2026-03-12T00:00,62,20.0,21.7,514.0,30.4,9.8,55.0
2026-03-12T01:00,61,23.2,25.0,478.0,33.7,10.2,47.0
2026-03-12T02:00,60,25.4,27.2,496.0,36.8,10.4,40.0
2026-03-12T03:00,60,28.8,30.6,550.0,40.0,10.5,33.0
2026-03-12T04:00,59,32.9,34.9,639.0,42.4,11.0,27.0
2026-03-12T05:00,58,34.3,36.6,806.0,44.5,12.1,19.0
2026-03-12T06:00,56,36.4,38.6,1008.0,45.8,13.5,13.0
2026-03-12T07:00,55,46.6,49.4,1111.0,44.9,13.7,22.0
2026-03-12T08:00,57,35.3,38.9,1033.0,37.8,13.1,49.0
2026-03-12T09:00,58,28.1,32.0,857.0,27.8,12.3,86.0
2026-03-12T10:00,59,25.6,29.5,696.0,19.7,11.2,118.0
2026-03-12T11:00,61,23.1,26.7,581.0,15.2,9.7,138.0
2026-03-12T12:00,64,20.8,24.3,482.0,12.4,7.9,153.0
2026-03-12T13:00,66,19.4,22.8,417.0,10.9,6.6,161.0
2026-03-12T14:00,66,18.4,21.8,399.0,10.2,5.8,164.0
2026-03-12T15:00,65,18.0,21.7,416.0,10.7,5.4,160.0
2026-03-12T16:00,64,18.0,21.9,452.0,12.7,5.6,151.0
2026-03-12T17:00,60,17.5,20.7,520.0,17.7,6.9,132.0
2026-03-12T18:00,58,20.6,23.0,608.0,24.3,8.7,108.0
2026-03-12T19:00,57,18.9,21.1,661.0,27.0,9.7,88.0
2026-03-12T20:00,56,16.2,18.5,652.0,24.9,9.0,84.0
2026-03-12T21:00,56,14.4,16.4,609.0,22.1,7.9,79.0
2026-03-12T22:00,56,13.8,15.7,560.0,20.5,7.2,74.0
2026-03-12T23:00,56,13.9,15.5,502.0,20.9,6.9,69.0
2026-03-13T00:00,55,14.4,15.9,437.0,22.6,7.0,63.0
2026-03-13T01:00,54,16.9,18.4,404.0,24.6,7.1,57.0
2026-03-13T02:00,53,20.4,21.8,411.0,27.0,7.2,51.0
2026-03-13T03:00,52,24.0,25.6,450.0,29.9,7.5,44.0
2026-03-13T04:00,51,26.6,28.2,530.0,32.6,8.2,39.0
2026-03-13T05:00,50,27.7,29.5,703.0,36.1,9.8,32.0
2026-03-13T06:00,49,31.5,33.6,918.0,39.4,11.8,25.0
2026-03-13T07:00,48,35.7,38.3,1030.0,35.6,10.2,37.0
2026-03-13T08:00,47,26.3,29.4,947.0,29.6,9.1,59.0
2026-03-13T09:00,45,20.7,24.4,762.0,21.2,7.4,89.0
2026-03-13T10:00,50,18.7,22.3,608.0,14.3,6.1,115.0
2026-03-13T11:00,61,16.4,19.3,527.0,10.3,5.3,133.0
2026-03-13T12:00,63,14.5,17.1,478.0,7.9,4.7,148.0
2026-03-13T13:00,65,13.8,16.4,462.0,6.6,4.3,157.0
2026-03-13T14:00,66,13.7,16.5,482.0,5.6,3.8,161.0
2026-03-13T15:00,65,14.6,17.7,537.0,5.8,3.5,160.0
2026-03-13T16:00,64,15.3,18.6,624.0,9.1,4.2,152.0
2026-03-13T17:00,60,21.5,25.7,777.0,18.4,6.6,131.0
2026-03-13T18:00,43,24.4,27.0,963.0,30.9,10.0,104.0
2026-03-13T19:00,40,31.8,34.9,1080.0,37.6,11.5,81.0
2026-03-13T20:00,41,29.3,32.0,1060.0,36.0,12.3,79.0
2026-03-13T21:00,43,29.2,32.0,971.0,33.8,13.4,76.0
2026-03-13T22:00,46,32.1,34.8,912.0,32.8,14.1,71.0
2026-03-13T23:00,49,34.5,37.1,926.0,33.9,14.0,64.0
2026-03-14T00:00,52,35.7,38.3,971.0,36.1,13.6,55.0
2026-03-14T01:00,56,36.7,39.1,1014.0,38.1,13.3,47.0
2026-03-14T02:00,59,38.0,40.2,1040.0,39.4,13.5,42.0
2026-03-14T03:00,60,39.8,41.9,1065.0,40.5,13.8,38.0
2026-03-14T04:00,61,42.8,44.9,1103.0,41.8,14.2,35.0
2026-03-14T05:00,61,45.9,48.0,1187.0,44.8,14.7,30.0
2026-03-14T06:00,62,47.8,49.9,1285.0,48.0,15.3,25.0
2026-03-14T07:00,63,37.5,39.7,1317.0,49.1,14.2,24.0
2026-03-14T08:00,63,36.6,39.2,1230.0,41.7,13.4,49.0
2026-03-14T09:00,63,30.9,33.6,1077.0,31.4,12.1,85.0
2026-03-14T10:00,63,23.1,25.3,941.0,22.3,10.7,117.0
2026-03-14T11:00,64,20.0,22.4,854.0,15.6,8.9,142.0
2026-03-14T12:00,66,17.4,19.8,785.0,10.1,6.9,164.0
2026-03-14T13:00,68,16.0,18.3,722.0,6.7,5.5,176.0
2026-03-14T14:00,68,15.2,17.5,647.0,5.8,4.8,176.0
2026-03-14T15:00,67,15.2,17.8,578.0,7.1,4.7,168.0
2026-03-14T16:00,64,14.8,17.4,559.0,10.0,5.1,154.0
2026-03-14T17:00,64,15.1,17.5,629.0,15.6,6.3,134.0
2026-03-14T18:00,64,21.7,23.7,749.0,22.9,7.9,110.0
2026-03-14T19:00,64,23.1,25.1,847.0,30.2,9.7,87.0
2026-03-14T20:00,63,19.4,20.6,903.0,30.7,10.0,78.0
2026-03-14T21:00,63,18.7,19.4,936.0,31.6,10.5,65.0
2026-03-14T22:00,63,24.2,25.0,935.0,33.5,10.7,53.0
2026-03-14T23:00,62,28.3,29.5,866.0,37.4,10.6,42.0
2026-03-15T00:00,62,30.5,31.9,762.0,42.3,10.2,32.0
2026-03-15T01:00,62,31.9,33.4,712.0,46.3,10.0,23.0
2026-03-15T02:00,62,33.6,35.4,768.0,48.8,9.8,17.0
2026-03-15T03:00,62,36.9,38.9,878.0,50.4,9.6,12.0
2026-03-15T04:00,62,40.2,42.4,969.0,51.3,10.1,11.0
2026-03-15T05:00,61,42.7,44.9,1018.0,52.1,12.0,11.0
2026-03-15T06:00,61,47.1,49.6,1048.0,52.3,14.5,14.0
2026-03-15T07:00,61,54.5,56.8,1054.0,50.1,15.9,26.0
2026-03-15T08:00,62,34.2,37.5,1031.0,44.2,15.5,53.0
2026-03-15T09:00,62,29.7,33.9,984.0,35.9,14.0,89.0
2026-03-15T10:00,62,24.9,28.9,921.0,27.9,12.0,119.0
2026-03-15T11:00,62,19.5,22.6,836.0,20.3,9.2,137.0
2026-03-15T12:00,63,14.7,16.9,737.0,12.9,6.0,149.0
2026-03-15T13:00,65,11.8,13.7,651.0,7.8,3.6,155.0
2026-03-15T14:00,64,11.0,12.9,584.0,5.9,2.8,153.0
2026-03-15T15:00,63,10.5,12.7,531.0,6.4,2.9,144.0
2026-03-15T16:00,61,10.6,12.8,508.0,8.5,3.5,132.0
2026-03-15T17:00,61,12.2,14.1,539.0,13.2,4.7,117.0
2026-03-15T18:00,61,15.0,16.3,601.0,19.5,6.4,99.0
2026-03-15T19:00,61,13.8,14.8,636.0,24.0,7.6,84.0
2026-03-15T20:00,61,12.8,13.9,618.0,24.8,8.1,75.0
2026-03-15T21:00,60,13.6,14.6,574.0,23.9,8.1,70.0
2026-03-15T22:00,60,15.2,16.2,526.0,23.3,7.9,65.0
2026-03-15T23:00,59,15.7,16.5,474.0,23.7,7.3,60.0
